.77200950;13537;Alchemilla;MOLLIS ROBUSTICA;;;;;FIORI;;190;100.000;0.60;10;PZ;;;;08/02/2017;60;CTCODFOR;False;;0;0.600;0.000;;
.77201212;4687;ALLIUM;NEAPOLITANUM;;;;;FIORI;;0;50.000;0.60;10;PZ;;;;21/02/2017;78;CTCODFOR;False;;0;0.600;0.600;;
.77201163;.77200864;ALSTROEMERIA;MIX NET;;;;;FIORI;;90;60.000;1.20;10;PZ;;;;21/02/2017;77;CTCODFOR;False;;0;1.200;1.200;;
.77201164;;ALSTROEMERIA;PARADISO;;;;;FIORI;;49;50.000;1.20;10;PZ;;;;21/02/2017;77;CTCODFOR;False;;0;1.200;1.200;;
.77201263;103567;ALSTROEMERIA;GEMENGD IN FUST;;;;;FIORI;;20;60.000;1.00;10;PZ;;;;24/02/2017;82;CTCODFOR;False;;0;1.000;1.000;;
.77201322;;ALSTROEMERIA;MIX QUARTER;;H 50;;;FIORI;;80;180.000;0.60;10;PZ;;;;28/02/2017;87;CTCODFOR;False;;0;0.600;0.600;;
.77200864;.77200864;ALSTROEMERIA;MIX NET;;;;;FIORI;;180;120.000;1.00;10;PZ;;;;07/02/2017;57;CTCODFOR;False;;0;1.000;1.000;;
.77201165;26554;Ananas;NANUS;;;;;FIORI;;15;5.000;2.50;10;PZ;;;;21/02/2017;77;CTCODFOR;False;;0;2.500;0.000;;
.77201266;103742;ANIGOZANTHOS;ORANJE;;;;;FIORI;;40;40.000;1.60;10;PZ;;;;24/02/2017;82;CTCODFOR;False;;0;1.600;1.600;;
.77201267;18540;ANTHURIUM;CALISTO;;;;;FIORI;;12;12.000;1.80;10;PZ;;;;24/02/2017;82;CTCODFOR;False;;0;1.800;1.800;;
.77201268;111512;ANTHURIUM;CANDY;;;;;FIORI;;0;10.000;2.00;10;PZ;;;;24/02/2017;82;CTCODFOR;False;;0;2.000;2.000;;
.77201269;112195;ANTHURIUM;ETERNO;;;;;FIORI;;0;10.000;2.00;10;PZ;;;;24/02/2017;82;CTCODFOR;False;;0;2.000;2.000;;
.77201270;106131;ANTHURIUM;LUCARDI;;;;;FIORI;;10;10.000;2.00;10;PZ;;;;24/02/2017;82;CTCODFOR;False;;0;2.000;2.000;;
.77201271;13024;ANTHURIUM;PISTACHE;;;;;FIORI;;10;10.000;2.00;10;PZ;;;;24/02/2017;82;CTCODFOR;False;;0;2.000;2.000;;
.77201272;101498;ANTHURIUM;SUMMER LOVE;;;;;FIORI;;10;10.000;2.00;10;PZ;;;;24/02/2017;82;CTCODFOR;False;;0;2.000;2.000;;
.77201050;11349;ANTHURIUM;MISTI;;;;;FIORI;;16;20.000;18.00;10;PZ;;;;08/02/2017;61;CTCODFOR;False;;0;18.000;18.000;;
.77201255;11349;ANTHURIUM;MISTI;;;;;FIORI;;6;6.000;18.00;10;PZ;;;;22/02/2017;80;CTCODFOR;False;;0;18.000;18.000;;
.77201393;;ANTHURIUM;MIXED;;;;;FIORI;;13;13.000;18.00;10;PZ;;;;01/03/2017;90;CTCODFOR;False;;0;18.000;18.000;;
.77200952;2837;ANTHURIUM;ACROPOLIS;;X 12;;;FIORI;;12;12.000;2.00;10;PZ;;;;08/02/2017;60;CTCODFOR;False;;0;2.000;2.000;;
.77200953;18540;ANTHURIUM;CALISTO;;X 10;;;FIORI;;10;10.000;2.10;10;PZ;;;;08/02/2017;60;CTCODFOR;False;;0;2.100;2.100;;
.77200954;18540;ANTHURIUM;CALISTO;;X 12;;;FIORI;;24;12.000;2.10;10;PZ;;;;08/02/2017;60;CTCODFOR;False;;0;2.100;2.100;;
.77200955;;ANTHURIUM;DANIELLE;;X 12;;;FIORI;;24;12.000;1.80;10;PZ;;;;08/02/2017;60;CTCODFOR;False;;0;1.800;1.800;;
.77200956;112195;ANTHURIUM;ETERNO;;X 10;;;FIORI;;10;10.000;2.20;10;PZ;;;;08/02/2017;60;CTCODFOR;False;;0;2.200;2.200;;
.77200957;26817;ANTHURIUM;EVITA (CLASSIC);;X 10;;;FIORI;;20;10.000;2.00;10;PZ;;;;08/02/2017;60;CTCODFOR;False;;0;2.000;2.000;;
.77200958;108378;ANTHURIUM;EVITA PINK;;X 12;;;FIORI;;0;12.000;2.00;10;PZ;;;;08/02/2017;60;CTCODFOR;False;;0;2.000;2.000;;
.77200959;110125;ANTHURIUM;LEMONA;;X 12;;;FIORI;;12;12.000;1.80;10;PZ;;;;08/02/2017;60;CTCODFOR;False;;0;1.800;1.800;;
.77200960;1903;ANTHURIUM;MIDORI;;X 12;;;FIORI;;24;12.000;2.00;10;PZ;;;;08/02/2017;60;CTCODFOR;False;;0;2.000;2.000;;
.77200961;13024;ANTHURIUM;PISTACHE;;X 12;;;FIORI;;0;12.000;2.00;10;PZ;;;;08/02/2017;60;CTCODFOR;False;;0;2.000;2.000;;
.77200962;4725;ANTHURIUM;TROPICAL;;X 12;;;FIORI;;0;12.000;2.00;10;PZ;;;;08/02/2017;60;CTCODFOR;False;;0;2.000;2.000;;
.77200963;24001;ANTHURIUM;VERINO;;X 10;;;FIORI;;0;10.000;2.00;10;PZ;;;;08/02/2017;60;CTCODFOR;False;;0;2.000;2.000;;
.77200900;;ANTHURIUM;ARENA;;;;;FIORI;;0;10.000;2.20;10;PZ;;;;07/02/2017;58;CTCODFOR;False;;0;2.200;2.200;;
.77200901;112195;ANTHURIUM;ETERNO;;;;;FIORI;;19;12.000;2.50;10;PZ;;;;07/02/2017;58;CTCODFOR;False;;0;2.500;2.500;;
.77200902;;ANTHURIUM;AMALIA SWEET;;;;;FIORI;;0;40.000;1.50;10;PZ;;;;07/02/2017;58;CTCODFOR;False;;0;1.500;1.500;;
.77200903;104840;ANTHURIUM;ACROPOLIS KLEURBEHANDELD 4 KLEUREN GEMENGD IN DOOS H%;;;;;FIORI;;12;12.000;2.20;10;PZ;;;;07/02/2017;58;CTCODFOR;False;;0;2.200;2.200;;
.77200904;15018;ANTHURIUM;AVO DANIELLE;;;;;FIORI;;10;12.000;2.00;10;PZ;;;;07/02/2017;58;CTCODFOR;False;;0;2.000;2.000;;
.77200905;77200137;ANTHURIUM;CALISTO;;;;;FIORI;;18;10.000;2.00;10;PZ;;;;07/02/2017;58;CTCODFOR;False;;0;2.000;2.000;;
.77200906;13023;ANTHURIUM;CHEERS;;;;;FIORI;;12;12.000;2.50;10;PZ;;;;07/02/2017;58;CTCODFOR;False;;0;2.500;2.500;;
.77200907;17817;ANTHURIUM;LOVE COLLECTIE;;;;;FIORI;;27;60.000;1.00;10;PZ;;;;07/02/2017;58;CTCODFOR;False;;0;1.000;1.000;;
.77200908;13024;ANTHURIUM;PISTACHE;;;;;FIORI;;0;12.000;2.40;10;PZ;;;;07/02/2017;58;CTCODFOR;False;;0;2.400;2.400;;
.77200909;4725;ANTHURIUM;TROPICAL;;X 10;;;FIORI;;0;10.000;2.50;10;PZ;;;;07/02/2017;58;CTCODFOR;False;;0;2.500;2.500;;
.77200910;4725;ANTHURIUM;TROPICAL;;X 12;;;FIORI;;0;12.000;2.00;10;PZ;;;;07/02/2017;58;CTCODFOR;False;;0;2.000;2.000;;
.77200911;4725;ANTHURIUM;TROPICAL;;X 10;;;FIORI;;20;10.000;2.50;10;PZ;;;;07/02/2017;58;CTCODFOR;False;;0;2.500;2.500;;
.77201161;;FAREKA;SUN;;;;;;;220;280.000;0.40;10;PZ;;;;21/02/2017;76;CTCODFOR;False;;0;0.400;0.400;;
.77200912;19456;Asparagus;FALCATUS;;;;;FIORI;;24;25.000;1.10;10;PZ;;;;07/02/2017;58;CTCODFOR;False;;0;1.100;0.000;;
.77201116;;Aspidistra;;;;;;FIORI;;14;20.000;0.00;10;PZ;;;;20/02/2017;72;CTCODFOR;False;;0;0.000;0.000;;
.77201052;5503;Aspidistra;ELATIOR OVERIG;;;;;FIORI;;0;20.000;13.00;10;PZ;;;;08/02/2017;61;CTCODFOR;False;;0;13.000;0.000;;
.77201392;5503;Aspidistra;ELATIOR OVERIG;;;;;FIORI;;10;10.000;13.00;10;PZ;;;;01/03/2017;90;CTCODFOR;False;;0;13.000;0.000;;
.77201422;13884;Aspidistra;ELATIOR GALIA;;;;;FIORI;;90;1.000;3.00;10;PZ;;;;02/03/2017;94;CTCODFOR;False;;0;3.000;0.000;;
.77201257;5503;Aspidistra;ELATIOR OVERIG;;;;;FIORI;;10;10.000;13.00;10;PZ;;;;22/02/2017;80;CTCODFOR;False;;0;13.000;0.000;;
.77201261;13884;Aspidistra;ELATIOR GALIA;;;;;FIORI;;20;20.000;13.00;10;PZ;;;;24/02/2017;81;CTCODFOR;False;;0;13.000;0.000;;
.77201262;112424;Aspidistra;ELATIOR MILKY WAY;;;;;FIORI;;10;10.000;13.00;10;PZ;;;;24/02/2017;81;CTCODFOR;False;;0;13.000;0.000;;
.77200997;;FBAMBOE;LUCKY RECHT;;H 100;;;;;70;80.000;1.50;10;PZ;;;;08/02/2017;60;CTCODFOR;False;;0;1.500;1.500;;
.77201343;;FBEARGRASS;ORANGE;;;;;;;40;40.000;2.50;10;PZ;;;;28/02/2017;87;CTCODFOR;False;;0;2.500;2.500;;
.77201166;;FBEARGRASS;ORCA;;;;;;;17;20.000;3.00;10;PZ;;;;21/02/2017;77;CTCODFOR;False;;0;3.000;3.000;;
.77201273;108238;BOUVARDIA;DUBBELBLOEMIG GEMENGD IN FUST;;H 70;;;FIORI;;40;50.000;1.20;10;PZ;;;;24/02/2017;82;CTCODFOR;False;;0;1.200;1.200;;
.77201350;20510;BRASSICA;OLERACEA RED CRANE;;;;;FIORI;;25;25.000;2.00;10;PZ;;;;01/03/2017;89;CTCODFOR;False;;0;2.000;2.000;;
.77201215;2574;BRUNIA;ALBIFLORA;;;;;FIORI;;0;20.000;1.15;10;PZ;;;;21/02/2017;78;CTCODFOR;False;;0;1.150;1.150;;
.77201216;;BRUNIA;SILVER LAEVIS;;;;;FIORI;;0;50.000;1.40;10;PZ;;;;21/02/2017;78;CTCODFOR;False;;0;1.400;1.400;;
.77201167;;CHAMELAUCIUM;PEARL WHITE;;;;;FIORI;;100;125.000;1.00;10;PZ;;;;21/02/2017;77;CTCODFOR;False;;0;1.000;1.000;;
.77201168;;CHAMELAUCIUM;EARLY;;;;;FIORI;;75;25.000;0.60;10;PZ;;;;21/02/2017;77;CTCODFOR;False;;0;0.600;0.600;;
.77201169;;FCHASMANTHIUM;LATIFOLIUM;;;;;;;150;50.000;0.60;10;PZ;;;;21/02/2017;77;CTCODFOR;False;;0;0.600;0.600;;
.77201304;;CHRYSANTHEMUM;SANTINI BOUNCER;;;;;FIORI;;50;25.000;0.70;10;PZ;;;;24/02/2017;82;CTCODFOR;False;;0;0.700;0.700;;
.77200848;;CHRYSANTHEMUM;SANTINI 4 KLEUREN;;;;;FIORI;;275;100.000;0.60;10;PZ;;;;01/02/2017;52;CTCODFOR;False;;0;0.600;0.600;;
.77200964;;FCLEAMATIS;INSPIRATION;;;;;;;50;50.000;1.30;10;PZ;;;;08/02/2017;60;CTCODFOR;False;;0;1.300;1.300;;
.77201352;2188;Corylus;AVELLANA CONTORTA;;;;;FIORI;;10;10.000;3.50;10;PZ;;;;01/03/2017;89;CTCODFOR;False;;0;3.500;0.000;;
.77201421;;FCRISANTEMINA;MIX;;;;;FIORI;;800;1.000;2.40;10;PZ;;;;01/03/2017;93;CTCODFOR;False;;0;2.400;2.400;;
.77201308;;FCRISANTEMINA;MIX;;;;;FIORI;;0;160.000;2.20;10;PZ;;;;25/02/2017;83;CTCODFOR;False;;0;2.200;2.200;;
.77201309;;FCRISANTEMINA;MIX;;;;;FIORI;;635;640.000;2.50;10;PZ;;;;26/02/2017;84;CTCODFOR;False;;0;2.500;2.500;;
.77201310;;FCRISANTEMINA;;;;;;FIORI;;0;32.000;2.60;10;PZ;;;;26/02/2017;84;CTCODFOR;False;;0;2.600;2.600;;
.77201315;;FCRISANTEMINA;MIX;;;;;FIORI;;672;672.000;2.50;10;PZ;;;;26/02/2017;85;CTCODFOR;False;;0;2.500;2.500;;
.77201115;;FCRISANTEMINA;MIX;;;;;FIORI;;566;640.000;2.50;10;PZ;;;;19/02/2017;71;CTCODFOR;False;;0;2.500;2.500;;
.77201107;;FCRISANTEMINA;MIX;;;;;FIORI;;5;400.000;2.40;10;PZ;;;;09/02/2017;65;CTCODFOR;False;;0;2.400;2.400;;
.77201108;;FCRISANTEMINA;MIX;;;;;FIORI;;0;672.000;2.50;10;PZ;;;;12/02/2017;66;CTCODFOR;False;;0;2.500;2.500;;
.77201109;;FCRISANTEMINA;MIX;;;;;FIORI;;531;640.000;2.50;10;PZ;;;;12/02/2017;67;CTCODFOR;False;;0;2.500;2.500;;
.77201110;;FCRISANTEMINA;CHIC;;;;;FIORI;;0;32.000;2.70;10;PZ;;;;12/02/2017;67;CTCODFOR;False;;0;2.700;2.700;;
.77201111;;FCRISANTEMINA;MIX;;;;;FIORI;;0;160.000;2.20;10;PZ;;;;18/02/2017;68;CTCODFOR;False;;0;2.200;2.200;;
.77201112;;FCRISANTEMINA;MIX;;;;;FIORI;;28;672.000;2.50;10;PZ;;;;19/02/2017;69;CTCODFOR;False;;0;2.500;2.500;;
.77200846;;FCRISANTEMINA;MIX;;;;;FIORI;;0;320.000;2.20;10;PZ;;;;01/02/2017;51;CTCODFOR;False;;0;2.200;2.200;;
.77200850;;FCRISANTEMINA;MIX;;;;;FIORI;;9;160.000;2.00;10;PZ;;;;03/02/2017;53;CTCODFOR;False;;0;2.000;2.000;;
.77200852;;FCRISANTEMINA;;;;;;FIORI;;4;32.000;2.40;10;PZ;;;;06/02/2017;54;CTCODFOR;False;;0;2.400;2.400;;
.77201045;;FCRISANTEMO;SANT BOUNCER WIT;;;;;;;0;25.000;1.00;10;PZ;;;;08/02/2017;60;CTCODFOR;False;;0;1.000;1.000;;
.77201046;;FCRISANTEMO;SANT CONTRY;;;;;;;0;25.000;1.00;10;PZ;;;;08/02/2017;60;CTCODFOR;False;;0;1.000;1.000;;
.77201047;;FCRISANTEMO;SANT TWIGA;;;;;;;25;25.000;1.00;10;PZ;;;;08/02/2017;60;CTCODFOR;False;;0;1.000;1.000;;
.77201170;;CYMBIDIUM;GEMENGD;;X 9;;;FIORI;;9;9.000;7.00;10;PZ;;;;21/02/2017;77;CTCODFOR;False;;0;7.000;7.000;;
.77201274;973;CYMBIDIUM;PER TAK GEMENGD;;;;;FIORI;;4;9.000;8.50;10;PZ;;;;24/02/2017;82;CTCODFOR;False;;0;8.500;8.500;;
.77201275;973;CYMBIDIUM;PER TAK GEMENGD;;;;;FIORI;;9;6.000;12.00;10;PZ;;;;24/02/2017;82;CTCODFOR;False;;0;12.000;12.000;;
.77201353;;CYMBIDIUM;GEMENGD;;X 6;;;FIORI;;6;6.000;10.00;10;PZ;;;;01/03/2017;89;CTCODFOR;False;;0;10.000;10.000;;
.77201354;;CYMBIDIUM;GEMENGD;;X 9;;;FIORI;;9;9.000;8.00;10;PZ;;;;01/03/2017;89;CTCODFOR;False;;0;8.000;8.000;;
.77201355;;CYMBIDIUM;MISTI;;X 6;;;FIORI;;12;6.000;12.00;10;PZ;;;;01/03/2017;89;CTCODFOR;False;;0;12.000;12.000;;
.77201356;27199;CYMBIDIUM;PER TAK MRS. ESMEE;;X 9;;;FIORI;;9;9.000;8.50;10;PZ;;;;01/03/2017;89;CTCODFOR;False;;0;8.500;8.500;;
.77200894;;CYMBIDIUM;MIX SPECIAL;;;;;FIORI;;8;4.000;12.00;10;PZ;;;;07/02/2017;57;CTCODFOR;False;;0;12.000;12.000;;
.77200915;102630;CYMBIDIUM;GILGAMESH ...;;;;;FIORI;;8;10.000;12.00;10;PZ;;;;07/02/2017;58;CTCODFOR;False;;0;12.000;12.000;;
.77200916;;CYMBIDIUM;MINI MISTO;;X 10;;;FIORI;;17;10.000;5.00;10;PZ;;;;07/02/2017;58;CTCODFOR;False;;0;5.000;5.000;;
.77200917;;CYMBIDIUM;GEMENGD;;X 4;;;FIORI;;0;4.000;15.00;10;PZ;;;;07/02/2017;58;CTCODFOR;False;;0;15.000;15.000;;
.77200918;;CYMBIDIUM;GEMENGD;;X 12;;;FIORI;;0;12.000;6.00;10;PZ;;;;07/02/2017;58;CTCODFOR;False;;0;6.000;6.000;;
.77200919;;CYMBIDIUM;GEMENGD;;X 9;;;FIORI;;9;9.000;7.50;10;PZ;;;;07/02/2017;58;CTCODFOR;False;;0;7.500;7.500;;
.77200965;;CYMBIDIUM;MINI MISTO;;X 10;;;FIORI;;0;10.000;6.00;10;PZ;;;;08/02/2017;60;CTCODFOR;False;;0;6.000;6.000;;
.77200966;;CYMBIDIUM;MINI MISTO;;X 8;;;FIORI;;10;8.000;7.00;10;PZ;;;;08/02/2017;60;CTCODFOR;False;;0;7.000;7.000;;
.77200967;;CYMBIDIUM;WHITE;;X 6;;;FIORI;;1;6.000;13.00;10;PZ;;;;08/02/2017;60;CTCODFOR;False;;0;13.000;13.000;;
.77200968;24848;CYMBIDIUM;PER TAK AIDA;;X 6;;;FIORI;;12;6.000;11.00;10;PZ;;;;08/02/2017;60;CTCODFOR;False;;0;11.000;11.000;;
.77200969;24848;CYMBIDIUM;PER TAK AIDA;;X 9;;;FIORI;;18;9.000;9.00;10;PZ;;;;08/02/2017;60;CTCODFOR;False;;0;9.000;9.000;;
.77200970;973;CYMBIDIUM;PER TAK GEMENGD;;X 9;;;FIORI;;17;9.000;9.00;10;PZ;;;;08/02/2017;60;CTCODFOR;False;;0;9.000;9.000;;
.77200971;973;CYMBIDIUM;PER TAK GEMENGD;;X 4;;;FIORI;;4;4.000;14.00;10;PZ;;;;08/02/2017;60;CTCODFOR;False;;0;14.000;14.000;;
.77200972;973;CYMBIDIUM;PER TAK GEMENGD;;X 6;;;FIORI;;0;6.000;11.00;10;PZ;;;;08/02/2017;60;CTCODFOR;False;;0;11.000;11.000;;
.77200973;973;CYMBIDIUM;PER TAK GEMENGD;;X 9;;;FIORI;;9;9.000;9.00;10;PZ;;;;08/02/2017;60;CTCODFOR;False;;0;9.000;9.000;;
.77200974;24849;CYMBIDIUM;PER TAK LIMONES;;X 6;;;FIORI;;5;6.000;13.00;10;PZ;;;;08/02/2017;60;CTCODFOR;False;;0;13.000;13.000;;
.77200975;24849;CYMBIDIUM;PER TAK LIMONES;;X 9;;;FIORI;;17;9.000;9.00;10;PZ;;;;08/02/2017;60;CTCODFOR;False;;0;9.000;9.000;;
.77200921;3399;Cyperus;PAPYRUS;;;;;FIORI;;60;80.000;1.00;10;PZ;;;;07/02/2017;58;CTCODFOR;False;;0;1.000;0.000;;
.77200892;.77201102;DENDROBIUM;SNOW WHITE;;;;;FIORI;;10;60.000;1.20;10;PZ;;;;07/02/2017;57;CTCODFOR;False;;0;1.200;1.200;;
.77201056;.77201103;DENDROBIUM;BOUKET;;;;;FIORI;;73;18.000;3.00;10;PZ;;;;08/02/2017;62;CTCODFOR;False;;0;3.000;3.000;;
.77201057;;DENDROBIUM;DIAMOND;;;;;FIORI;;80;80.000;1.20;10;PZ;;;;08/02/2017;62;CTCODFOR;False;;0;1.200;1.200;;
.77201058;;DENDROBIUM;GALAXY;;;;;FIORI;;50;70.000;1.00;10;PZ;;;;08/02/2017;62;CTCODFOR;False;;0;1.000;1.000;;
.77201400;25305;DENDROBIUM;SAKURA;;H 30;;;FIORI;;70;70.000;1.00;10;PZ;;;;02/03/2017;92;CTCODFOR;False;;0;1.000;1.000;;
.77201401;;DENDROBIUM;BIG WHITE;;;;;FIORI;;70;70.000;1.00;10;PZ;;;;02/03/2017;92;CTCODFOR;False;;0;1.000;1.000;;
.77201402;.77201103;DENDROBIUM;BOUKET;;;;;FIORI;;51;18.000;3.00;10;PZ;;;;02/03/2017;92;CTCODFOR;False;;0;3.000;3.000;;
.77201403;25303;DENDROBIUM;BURANA JADE JADE;;;;;FIORI;;70;70.000;1.00;10;PZ;;;;02/03/2017;92;CTCODFOR;False;;0;1.000;1.000;;
.77201404;;DENDROBIUM;GALAXY;;;;;FIORI;;140;140.000;1.00;10;PZ;;;;02/03/2017;92;CTCODFOR;False;;0;1.000;1.000;;
.77201405;;DENDROBIUM;GALAXY;;;;;FIORI;;180;90.000;0.80;10;PZ;;;;02/03/2017;92;CTCODFOR;False;;0;0.800;0.800;;
.77201341;;DENDROBIUM;BIG WHITE;;;;;FIORI;;90;60.000;1.50;10;PZ;;;;28/02/2017;87;CTCODFOR;False;;0;1.500;1.500;;
.77201342;;DENDROBIUM;WHITE;;;;;FIORI;;200;100.000;1.10;10;PZ;;;;28/02/2017;87;CTCODFOR;False;;0;1.100;1.100;;
.77201248;;DENDROBIUM;GALAXY;;;;;FIORI;;100;100.000;1.00;10;PZ;;;;08/02/2017;61;CTCODFOR;False;;0;1.000;1.000;;
.77201249;.77201103;DENDROBIUM;BOUKET;;;;;FIORI;;10;10.000;3.20;10;PZ;;;;08/02/2017;61;CTCODFOR;False;;0;3.200;3.200;;
.77201101;;DENDROBIUM;MIX ASIA;;;;;FIORI;;50;60.000;1.20;10;PZ;;;;09/02/2017;63;CTCODFOR;False;;0;1.200;1.200;;
.77201102;.77201102;DENDROBIUM;SNOW WHITE;;;;;FIORI;;100;60.000;1.20;10;PZ;;;;09/02/2017;63;CTCODFOR;False;;0;1.200;1.200;;
.77201104;;DENDROBIUM;GALAXY;;;;;FIORI;;120;60.000;1.20;10;PZ;;;;09/02/2017;63;CTCODFOR;False;;0;1.200;1.200;;
.77201259;112858;Dianthusbarbatus;BARBATUS ALDO GREEN;;;;;FIORI;;100;120.000;0.70;10;PZ;;;;22/02/2017;80;CTCODFOR;False;;0;0.700;0.000;;
.77200922;109771;DRACAENA;SANDERIANA LUCKY BAMBOO (HART);;;;;FIORI;;10;30.000;2.60;10;PZ;;;;07/02/2017;58;CTCODFOR;False;;0;2.600;2.600;;
.77201059;;FELCE;EXTRA;;;;;;;1;35.000;3.50;10;MZ;;;;08/02/2017;62;CTCODFOR;False;;0;3.500;3.500;;
.77201217;1885;Eremurus;ROBUSTUS;;;;;FIORI;;60;60.000;3.00;10;PZ;;;;21/02/2017;78;CTCODFOR;False;;0;3.000;0.000;;
.77201339;;EUSTOMARUSSE;ALISSA WHITE;;;;;FIORI;;80;50.000;1.50;10;PZ;;;;28/02/2017;87;CTCODFOR;False;;0;1.500;1.500;;
.77201340;110306;EUSTOMARUSSE;RUSSELLIANUM FLEURELISA RED;;;;;FIORI;;90;50.000;1.50;10;PZ;;;;28/02/2017;87;CTCODFOR;False;;0;1.500;1.500;;
.77201171;;EUSTOMARUSSE;ROSITA WHITE;;;;;FIORI;;60;40.000;1.50;10;PZ;;;;21/02/2017;77;CTCODFOR;False;;0;1.500;1.500;;
.77200923;108994;EUSTOMARUSSE;GEMENGD IN FUST;;;;;FIORI;;70;50.000;1.20;10;PZ;;;;07/02/2017;58;CTCODFOR;False;;0;1.200;1.200;;
.77200863;;FFELCE;EXTRA;;;;;;;0;35.000;3.50;10;PZ;;;;07/02/2017;57;CTCODFOR;False;;0;3.500;3.500;;
.77201076;;FFELCE;EXTRA;;;;;;;140;35.000;3.50;10;PZ;;;;09/02/2017;63;CTCODFOR;False;;0;3.500;3.500;;
.77201119;;FFELCE;EXTRA;;;;;;;51;12.000;3.50;10;PZ;;;;20/02/2017;74;CTCODFOR;False;;0;3.500;3.500;;
.77201139;;FFELCE;EXTRA;;;;;;;66;35.000;3.50;10;PZ;;;;21/02/2017;76;CTCODFOR;False;;0;3.500;3.500;;
.77201321;;FFELCE;EXTRA;;;;;;;30;35.000;4.00;10;PZ;;;;28/02/2017;87;CTCODFOR;False;;0;4.000;4.000;;
.77201406;;FFELCE;EXTRA;;;;;;;70;35.000;3.50;10;PZ;;;;02/03/2017;92;CTCODFOR;False;;0;3.500;3.500;;
.77201344;;FFELCE;CLEOPATRA;;;;;;;118;15.000;4.50;10;PZ;;;;28/02/2017;87;CTCODFOR;False;;0;4.500;4.500;;
.77201218;.77201218;FREESIA;DUBBELBLOEMIG GEMENGD;;;;;FIORI;;127;50.000;0.60;10;PZ;;;;21/02/2017;78;CTCODFOR;False;;0;0.600;0.600;;
.77200976;130;FREESIA;ENKELBLOEMIG GEMENGD;;;;;FIORI;;0;50.000;0.60;10;PZ;;;;08/02/2017;60;CTCODFOR;False;;0;0.600;0.600;;
.77201075;;FGALAX;;;;;;;;10;50.000;1.50;10;PZ;;;;09/02/2017;63;CTCODFOR;False;;0;1.500;1.500;;
.77201053;;F GAROFANO;MIX;;;;;;;80;100.000;0.35;10;PZ;;;;08/02/2017;61;CTCODFOR;False;;0;0.350;0.350;;
.77201253;;F GAROFANO;MIX;;;;;;;360;400.000;0.35;10;PZ;;;;22/02/2017;80;CTCODFOR;False;;0;0.350;0.350;;
.77201396;;F GAROFANO;;;;;;;;300;300.000;0.35;10;PZ;;;;01/03/2017;91;CTCODFOR;False;;0;0.350;0.350;;
.77201390;;F GAROFANO;MIX;;;;;;;200;200.000;0.35;10;PZ;;;;01/03/2017;90;CTCODFOR;False;;0;0.350;0.350;;
.77200977;;GERBERA;DIAM ALADIN;;;;;FIORI;;45;45.000;1.00;10;PZ;;;;08/02/2017;60;CTCODFOR;False;;0;1.000;1.000;;
.77200979;;GERBERA;DIAM ALLIANCE;;;;;FIORI;;30;45.000;1.00;10;PZ;;;;08/02/2017;60;CTCODFOR;False;;0;1.000;1.000;;
.77200980;;GERBERA;DIAM APPLAUS;;;;;FIORI;;75;45.000;1.00;10;PZ;;;;08/02/2017;60;CTCODFOR;False;;0;1.000;1.000;;
.77200981;;GERBERA;DIAM AVIGNON;;;;;FIORI;;45;45.000;1.00;10;PZ;;;;08/02/2017;60;CTCODFOR;False;;0;1.000;1.000;;
.77200982;;GERBERA;DIAM CARAMBOLE;;;;;FIORI;;0;45.000;1.20;10;PZ;;;;08/02/2017;60;CTCODFOR;False;;0;1.200;1.200;;
.77200983;;GERBERA;DIAM DON LEO;;;;;FIORI;;90;45.000;1.00;10;PZ;;;;08/02/2017;60;CTCODFOR;False;;0;1.000;1.000;;
.77200984;104679;GERBERA;EROS;;;;;FIORI;;75;45.000;1.00;10;PZ;;;;08/02/2017;60;CTCODFOR;False;;0;1.000;1.000;;
.77200985;;GERBERA;DIAM IDOL;;;;;FIORI;;0;45.000;1.00;10;PZ;;;;08/02/2017;60;CTCODFOR;False;;0;1.000;1.000;;
.77200987;;GERBERA;DIAM MIX;;;;;FIORI;;15;45.000;1.00;10;PZ;;;;08/02/2017;60;CTCODFOR;False;;0;1.000;1.000;;
.77200989;100382;GERBERA;RICH;;;;;FIORI;;30;45.000;1.00;10;PZ;;;;08/02/2017;60;CTCODFOR;False;;0;1.000;1.000;;
.77200990;111267;GERBERA;ZODIAC;;;;;FIORI;;0;45.000;1.00;10;PZ;;;;08/02/2017;60;CTCODFOR;False;;0;1.000;1.000;;
.77200991;;GERBERA;MINI MIX;;;;;FIORI;;0;80.000;0.60;10;PZ;;;;08/02/2017;60;CTCODFOR;False;;0;0.600;0.600;;
.77200924;;GERBERA;MINI MIX;;;;;FIORI;;40;80.000;0.70;10;PZ;;;;07/02/2017;58;CTCODFOR;False;;0;0.700;0.700;;
.77201036;;GERBERA;DIAM DICE;;;;;FIORI;;60;45.000;1.00;10;PZ;;;;08/02/2017;60;CTCODFOR;False;;0;1.000;1.000;;
.77201037;;GERBERA;DIAM POLE ICE;;;;;FIORI;;0;45.000;1.00;10;PZ;;;;08/02/2017;60;CTCODFOR;False;;0;1.000;1.000;;
.77201038;;GERBERA;DIAM SUBMARINE;;;;;FIORI;;135;45.000;1.00;10;PZ;;;;08/02/2017;60;CTCODFOR;False;;0;1.000;1.000;;
.77201039;100618;GERBERA;MINI SURI;;;;;FIORI;;0;80.000;0.70;10;PZ;;;;08/02/2017;60;CTCODFOR;False;;0;0.700;0.700;;
.77201388;815;GERBERA;GEMENGD;;;;;FIORI;;330;330.000;0.60;10;PZ;;;;01/03/2017;90;CTCODFOR;False;;0;0.600;0.600;;
.77201357;;GERBERA;DIAM MIX;;;;;FIORI;;50;50.000;0.70;10;PZ;;;;01/03/2017;89;CTCODFOR;False;;0;0.700;0.700;;
.77201254;815;GERBERA;GEMENGD;;;;;FIORI;;160;160.000;0.70;10;PZ;;;;22/02/2017;80;CTCODFOR;False;;0;0.700;0.700;;
.77201219;;GERBERA;MINI MIX;;;;;FIORI;;160;100.000;0.40;10;PZ;;;;21/02/2017;78;CTCODFOR;False;;0;0.400;0.400;;
.77201054;815;GERBERA;GEMENGD;;;;;FIORI;;280;300.000;0.90;10;PZ;;;;08/02/2017;61;CTCODFOR;False;;0;0.900;0.900;;
.77201277;;GERBERA;DIAM MIX;;;;;FIORI;;40;45.000;0.70;10;PZ;;;;24/02/2017;82;CTCODFOR;False;;0;0.700;0.700;;
.77201278;;GERBERA;DIAM BLINDDATE;;;;;FIORI;;45;45.000;0.70;10;PZ;;;;24/02/2017;82;CTCODFOR;False;;0;0.700;0.700;;
.77201279;3251;GERBERA;MINI GEMENGD;;;;;FIORI;;60;80.000;0.50;10;PZ;;;;24/02/2017;82;CTCODFOR;False;;0;0.500;0.500;;
.77201220;11245;GLADIOLUS;CHINON;;;;;FIORI;;80;80.000;1.20;10;PZ;;;;21/02/2017;78;CTCODFOR;False;;0;1.200;1.200;;
.77201323;;GYPSOPHILA;MILION STAR;;;;;FIORI;;0;12.000;18.00;10;PZ;;;;28/02/2017;87;CTCODFOR;False;;0;18.000;18.000;;
.77201324;;GYPSOPHILA;XLENCE;;;;;FIORI;;11;14.000;18.00;10;PZ;;;;28/02/2017;87;CTCODFOR;False;;0;18.000;18.000;;
.77201407;13400;GYPSOPHILA;PANICULATA MILLION STARS;;;;;FIORI;;9;10.000;20.00;10;PZ;;;;02/03/2017;92;CTCODFOR;False;;0;20.000;20.000;;
.77201140;;GYPSOPHILA;MILION STAR;;;;40 GR;FIORI;;0;3.000;20.00;10;PZ;;;;21/02/2017;76;CTCODFOR;False;;0;20.000;20.000;;
.77201141;;GYPSOPHILA;DINAMIC LOVE;;;;750 GR;FIORI;;10;7.000;18.00;10;PZ;;;;21/02/2017;76;CTCODFOR;False;;0;18.000;18.000;;
.77201105;;GYPSOPHILA;LOCALE;;;;;FIORI;;15;10.000;12.00;10;PZ;;;;09/02/2017;64;CTCODFOR;False;;0;12.000;12.000;;
.77201120;13400;GYPSOPHILA;PANICULATA MILLION STARS;;;;;FIORI;;6;10.000;20.00;10;PZ;;;;20/02/2017;74;CTCODFOR;False;;0;20.000;20.000;;
.77201060;18726;GYPSOPHILA;PANICULATA MINI MILLION STARS;;;;;FIORI;;5;5.000;18.00;10;PZ;;;;08/02/2017;62;CTCODFOR;False;;0;18.000;18.000;;
.77201080;110252;GYPSOPHILA;PANICULATA XLENCE;;;;40 GR;FIORI;;0;9.000;20.00;10;PZ;;;;09/02/2017;63;CTCODFOR;False;;0;20.000;20.000;;
.77201082;110252;GYPSOPHILA;PANICULATA XLENCE;;;;30 GR;FIORI;;15;14.000;18.00;10;PZ;;;;09/02/2017;63;CTCODFOR;False;;0;18.000;18.000;;
.77201083;110252;GYPSOPHILA;PANICULATA XLENCE;;;;550 GR;FIORI;;16;18.000;15.00;10;PZ;;;;09/02/2017;63;CTCODFOR;False;;0;15.000;15.000;;
.77201348;111783;HELIANTHUS;ANNUUS ORANGE FIRE;;;;;FIORI;;30;30.000;1.00;10;PZ;;;;28/02/2017;88;CTCODFOR;False;;0;1.000;1.000;;
.77201349;101412;HELIANTHUS;ANNUUS SOLARA;;;;;FIORI;;30;30.000;0.80;10;PZ;;;;28/02/2017;88;CTCODFOR;False;;0;0.800;0.800;;
.77201251;2128;HELIANTHUS;OVERIG;;;;;FIORI;;30;30.000;0.80;10;PZ;;;;22/02/2017;79;CTCODFOR;False;;0;0.800;0.800;;
.77201264;19075;HIPPEASTRUM;GALAXY FERRARI;;;;;FIORI;;10;10.000;3.00;10;PZ;;;;24/02/2017;82;CTCODFOR;False;;0;3.000;3.000;;
.77201265;18999;HIPPEASTRUM;GALAXY MONT BLANC;;;;;FIORI;;10;10.000;3.50;10;PZ;;;;24/02/2017;82;CTCODFOR;False;;0;3.500;3.500;;
.77201173;19075;HIPPEASTRUM;GALAXY FERRARI;;;;;FIORI;;18;10.000;3.00;10;PZ;;;;21/02/2017;77;CTCODFOR;False;;0;3.000;3.000;;
.77201174;19074;HIPPEASTRUM;GEMENGD;;;;;FIORI;;27;30.000;1.20;10;PZ;;;;21/02/2017;77;CTCODFOR;False;;0;1.200;1.200;;
.77201175;18999;HIPPEASTRUM;GALAXY MONT BLANC;;;;;FIORI;;6;12.000;3.00;10;PZ;;;;21/02/2017;77;CTCODFOR;False;;0;3.000;3.000;;
.77201213;19014;HIPPEASTRUM;GALAXY CLOWN;;;;;FIORI;;0;12.000;1.80;10;PZ;;;;21/02/2017;78;CTCODFOR;False;;0;1.800;1.800;;
.77201214;18982;HIPPEASTRUM;GALAXY RED LION;;;;;FIORI;;0;12.000;1.70;10;PZ;;;;21/02/2017;78;CTCODFOR;False;;0;1.700;1.700;;
.77201040;;HYACINTHUS;BOL GEM;;;;;FIORI;;1;10.000;3.00;10;PZ;;;;08/02/2017;60;CTCODFOR;False;;0;3.000;3.000;;
.77201041;;HYACINTHUS;PEARL;;;;;FIORI;;0;20.000;0.80;10;PZ;;;;08/02/2017;60;CTCODFOR;False;;0;0.800;0.800;;
.77201042;;HYACINTHUS;PEARL GEM;;;;;FIORI;;3;16.000;1.00;10;PZ;;;;08/02/2017;60;CTCODFOR;False;;0;1.000;1.000;;
.77200992;;HYACINTHUS;SNY DELFT BLUE;;;;;FIORI;;25;25.000;1.00;10;PZ;;;;08/02/2017;60;CTCODFOR;False;;0;1.000;1.000;;
.77200993;;HYACINTHUS;SNY GEMENGD;;;;;FIORI;;50;25.000;1.00;10;PZ;;;;08/02/2017;60;CTCODFOR;False;;0;1.000;1.000;;
.77201280;27140;HYACINTHUS;OR.IS TOP WHITE;;;;;FIORI;;50;25.000;1.00;10;PZ;;;;24/02/2017;82;CTCODFOR;False;;0;1.000;1.000;;
.77201221;;HYACINTHUS;SNY DELFT BLUE;;;;;FIORI;;0;25.000;1.00;10;PZ;;;;21/02/2017;78;CTCODFOR;False;;0;1.000;1.000;;
.77201222;;HYACINTHUS;SNY GEMENGD;;;;;FIORI;;25;25.000;1.00;10;PZ;;;;21/02/2017;78;CTCODFOR;False;;0;1.000;1.000;;
.77201223;101972;HYACINTHUS;OR.IS WHITE KING;;;;;FIORI;;0;25.000;1.00;10;PZ;;;;21/02/2017;78;CTCODFOR;False;;0;1.000;1.000;;
.77201358;;HYACINTHUS;MIX;;;;;FIORI;;20;25.000;1.20;10;PZ;;;;01/03/2017;89;CTCODFOR;False;;0;1.200;1.200;;
.77201077;;HYDRANGEA;WHITE;;;;;FIORI;;30;15.000;3.50;10;PZ;;;;09/02/2017;63;CTCODFOR;False;;0;3.500;3.500;;
.77201281;;HYPERICUM;COCO TANGO;;H 40;;;FIORI;;80;100.000;0.60;10;PZ;;;;24/02/2017;82;CTCODFOR;False;;0;0.600;0.600;;
.77201282;;HYPERICUM;COCO UNO;;H 40;;;FIORI;;70;100.000;0.70;10;PZ;;;;24/02/2017;82;CTCODFOR;False;;0;0.700;0.700;;
.77201224;;HYPERICUM;MAGICAL TRIUMPH;;;;;FIORI;;0;25.000;0.80;10;PZ;;;;21/02/2017;78;CTCODFOR;False;;0;0.800;0.800;;
.77201225;;HYPERICUM;SELVA ROMANCE;;;;;FIORI;;65;25.000;0.80;10;PZ;;;;21/02/2017;78;CTCODFOR;False;;0;0.800;0.800;;
.77200994;;HYPERICUM;COCO TANGO;;;;;FIORI;;0;25.000;0.70;10;PZ;;;;08/02/2017;60;CTCODFOR;False;;0;0.700;0.700;;
.77201283;;FKALANCHOE;;;;;;;;20;20.000;1.70;10;PZ;;;;24/02/2017;82;CTCODFOR;False;;0;1.700;1.700;;
.77201226;;FKANGEROEPOTEN;EARLY SPRING;;;;;;;0;40.000;0.50;10;PZ;;;;21/02/2017;78;CTCODFOR;False;;0;0.500;0.500;;
.77201359;;FLAVENDULA;SECCA;;;;;;;40;40.000;7.00;10;PZ;;;;01/03/2017;89;CTCODFOR;False;;0;7.000;7.000;;
.77201347;;LILIUM;;;;;;FIORI;;100;100.000;1.20;10;PZ;;;;28/02/2017;88;CTCODFOR;False;;0;1.200;1.200;;
.77201227;106429;LILIUM;OR. SIGNUM;;;;;FIORI;;50;10.000;2.20;10;PZ;;;;21/02/2017;78;CTCODFOR;False;;0;2.200;2.200;;
.77201252;105189;LILIUM;OR. ENERGETIC;;;;;FIORI;;10;50.000;2.00;10;PZ;;;;22/02/2017;80;CTCODFOR;False;;0;2.000;2.000;;
.77201250;18398;LILIUM;AS. UMBRIA;;;;;FIORI;;100;100.000;1.20;10;PZ;;;;22/02/2017;79;CTCODFOR;False;;0;1.200;1.200;;
.77201313;110041;LILIUM;OR. EXOTIC SUN;;;;;FIORI;;80;80.000;2.20;10;PZ;;;;26/02/2017;85;CTCODFOR;False;;0;2.200;2.200;;
.77201311;;LILIUM;;;;;;FIORI;;100;150.000;1.30;10;PZ;;;;26/02/2017;85;CTCODFOR;False;;0;1.300;1.300;;
.77201284;;LILIUM;OR WIT ZAMBESI;;;;;FIORI;;20;10.000;2.20;10;PZ;;;;24/02/2017;82;CTCODFOR;False;;0;2.200;2.200;;
.77201285;100686;LILIUM;OR. PARADERO;;;;;FIORI;;30;10.000;2.20;10;PZ;;;;24/02/2017;82;CTCODFOR;False;;0;2.200;2.200;;
.77201113;;LILIUM;EXTRA;;;;;FIORI;;70;120.000;1.40;10;PZ;;;;19/02/2017;70;CTCODFOR;False;;0;1.400;1.400;;
.77201048;;LILIUM;OR EX;;;;;FIORI;;180;200.000;2.00;10;PZ;;;;08/02/2017;61;CTCODFOR;False;;0;2.000;2.000;;
.77201177;103003;LILIUM;OR. CANTARINO;;;;;FIORI;;30;10.000;1.80;10;PZ;;;;21/02/2017;77;CTCODFOR;False;;0;1.800;1.800;;
.77201178;106429;LILIUM;OR. SIGNUM;;;;;FIORI;;0;10.000;1.80;10;PZ;;;;21/02/2017;77;CTCODFOR;False;;0;1.800;1.800;;
.77200995;;LILIUM;LA ROOD ORIGINAL LOVE;;;;;FIORI;;0;10.000;1.50;10;PZ;;;;08/02/2017;60;CTCODFOR;False;;0;1.500;1.500;;
.77200996;;LILIUM;OR. WIT SANTANDER;;;;;FIORI;;10;10.000;3.00;10;PZ;;;;08/02/2017;60;CTCODFOR;False;;0;3.000;3.000;;
.77200925;17721;LILIUM;AS. TRESOR;;;;;FIORI;;40;10.000;1.20;10;PZ;;;;07/02/2017;58;CTCODFOR;False;;0;1.200;1.200;;
.77200926;;LILIUM;AS. ALBUFEIRA;;;;;FIORI;;50;10.000;1.40;10;PZ;;;;07/02/2017;58;CTCODFOR;False;;0;1.400;1.400;;
.77200927;;LILIUM;AS. BRINDISI;;;;;FIORI;;50;10.000;1.20;10;PZ;;;;07/02/2017;58;CTCODFOR;False;;0;1.200;1.200;;
.77200928;;LILIUM;AS. CECINA;;;;;FIORI;;30;10.000;1.40;10;PZ;;;;07/02/2017;58;CTCODFOR;False;;0;1.400;1.400;;
.77200948;12252;LILIUM;AS. ROMANO;;;;;FIORI;;0;100.000;1.20;10;PZ;;;;07/02/2017;59;CTCODFOR;False;;0;1.200;1.200;;
.77200998;;F LISIANTUS;FALDA APRICOT;;;;;;;20;50.000;1.40;10;PZ;;;;08/02/2017;60;CTCODFOR;False;;0;1.400;1.400;;
.77200999;;F LISIANTUS;ROSITA;;;;;;;0;40.000;1.40;10;PZ;;;;08/02/2017;60;CTCODFOR;False;;0;1.400;1.400;;
.77201286;;F LISIANTUS;FALDA APRICOT;;;;;;;40;50.000;1.40;10;PZ;;;;24/02/2017;82;CTCODFOR;False;;0;1.400;1.400;;
.77201287;;F LISIANTUS;ROSITA;;;;;;;40;40.000;1.50;10;PZ;;;;24/02/2017;82;CTCODFOR;False;;0;1.500;1.500;;
.77200929;;FMALUS;ROOD PER;;;;;;;6;10.000;3.00;10;PZ;;;;07/02/2017;58;CTCODFOR;False;;0;3.000;3.000;;
.77200930;18159;Matthiola;INCANA AIDA WHITE;;;;;FIORI;;30;60.000;0.80;10;PZ;;;;07/02/2017;58;CTCODFOR;False;;0;0.800;0.000;;
.77201288;100051;Muscari;BIG SMILE;;;;;FIORI;;30;50.000;0.40;10;PZ;;;;24/02/2017;82;CTCODFOR;False;;0;0.400;0.000;;
.77201228;43;Muscari;BLAUW;;;;;FIORI;;100;50.000;0.40;10;PZ;;;;21/02/2017;78;CTCODFOR;False;;0;0.400;0.000;;
.77201229;2343;Muscari;WIT;;;;;FIORI;;0;50.000;0.50;10;PZ;;;;21/02/2017;78;CTCODFOR;False;;0;0.500;0.000;;
.77201230;104540;ORNITHOGALUM;DUBIUM SUNRAY;;;;;FIORI;;0;50.000;0.90;10;PZ;;;;21/02/2017;78;CTCODFOR;False;;0;0.900;0.900;;
.77201289;7516;ORNITHOGALUM;SAUNDERSIAE;;;;;FIORI;;50;60.000;1.30;10;PZ;;;;24/02/2017;82;CTCODFOR;False;;0;1.300;1.300;;
.77201179;104277;ORNITHOGALUM;DUBIUM SUPER STAR;;H 60;;;FIORI;;40;50.000;1.30;10;PZ;;;;21/02/2017;77;CTCODFOR;False;;0;1.300;1.300;;
.77201231;15448;OZOTHAMNUS;COOKS TALL PINK;;;;;FIORI;;0;50.000;1.70;10;PZ;;;;21/02/2017;78;CTCODFOR;False;;0;1.700;1.700;;
.77201180;;PAEONIA;DUCHESS DE NEMOURS;;;;;FIORI;;50;50.000;3.00;10;PZ;;;;21/02/2017;77;CTCODFOR;False;;0;3.000;3.000;;
.77201181;;PAEONIA;FLEMING;;;;;FIORI;;50;50.000;4.00;10;PZ;;;;21/02/2017;77;CTCODFOR;False;;0;4.000;4.000;;
.77200932;4452;Paphiopedilum;X LEEANUM;;;;;FIORI;;30;30.000;1.80;10;PZ;;;;07/02/2017;58;CTCODFOR;False;;0;1.800;0.000;;
.77200933;16975;PROTEA;SYLVIA;;;;;FIORI;;10;10.000;3.00;10;PZ;;;;07/02/2017;58;CTCODFOR;False;;0;3.000;3.000;;
.77200897;23226;PROTEA;IVY;;H 50;;;FIORI;;45;60.000;2.50;10;PZ;;;;07/02/2017;57;CTCODFOR;False;;0;2.500;2.500;;
.77200931;;PROTEA;NUTAN SUCCESSION;;H 80;;;FIORI;;25;30.000;3.00;10;PZ;;;;07/02/2017;58;CTCODFOR;False;;0;3.000;3.000;;
.77200896;;FROBELLINI;WESTC;;;;;;;56;30.000;2.50;10;PZ;;;;07/02/2017;57;CTCODFOR;False;;0;2.500;2.500;;
.77201345;;FROBELLINI;WESTC;;;;;;;20;20.000;3.00;10;PZ;;;;28/02/2017;87;CTCODFOR;False;;0;3.000;3.000;;
.77201361;;ROSA;MIXED;;H 40;;;FIORI;;360;120.000;0.40;10;PZ;;;;01/03/2017;89;CTCODFOR;False;;0;0.400;0.400;;
.77201362;16207;ROSA;AVALANCHE+;;H 50;;;FIORI;;110;60.000;1.00;10;PZ;;;;01/03/2017;89;CTCODFOR;False;;0;1.000;1.000;;
.77201364;16207;ROSA;AVALANCHE+;;H 80;;;FIORI;;50;50.000;1.50;10;PZ;;;;01/03/2017;89;CTCODFOR;False;;0;1.500;1.500;;
.77201365;105916;ROSA;DREAMLAND;;H 50;;;FIORI;;0;60.000;1.00;10;PZ;;;;01/03/2017;89;CTCODFOR;False;;0;1.000;1.000;;
.77201366;16401;ROSA;DUETT;;H 50;;;FIORI;;0;80.000;1.20;10;PZ;;;;01/03/2017;89;CTCODFOR;False;;0;1.200;1.200;;
.77201367;19213;ROSA;EL TORO;;H 50;;;FIORI;;0;60.000;0.80;10;PZ;;;;01/03/2017;89;CTCODFOR;False;;0;0.800;0.800;;
.77201368;;ROSA;EVER RED;;H 40;;;FIORI;;0;40.000;0.90;10;PZ;;;;01/03/2017;89;CTCODFOR;False;;0;0.900;0.900;;
.77201369;106620;ROSA;FLORIDA;;H 50;;;FIORI;;0;80.000;1.20;10;PZ;;;;01/03/2017;89;CTCODFOR;False;;0;1.200;1.200;;
.77201370;106976;ROSA;HARLEQUIN;;H 50;;;FIORI;;0;80.000;0.80;10;PZ;;;;01/03/2017;89;CTCODFOR;False;;0;0.800;0.800;;
.77201371;104927;ROSA;HEIDI!;;H 50;;;FIORI;;0;50.000;1.00;10;PZ;;;;01/03/2017;89;CTCODFOR;False;;0;1.000;1.000;;
.77201372;;ROSA;LOVE PEARL;;H 50;;;FIORI;;0;60.000;0.80;10;PZ;;;;01/03/2017;89;CTCODFOR;False;;0;0.800;0.800;;
.77201373;;ROSA;MORNING SUN;;H 50;;;FIORI;;0;60.000;1.20;10;PZ;;;;01/03/2017;89;CTCODFOR;False;;0;1.200;1.200;;
.77201374;20399;ROSA;OCEAN SONG;;H 40;;;FIORI;;30;50.000;0.60;10;PZ;;;;01/03/2017;89;CTCODFOR;False;;0;0.600;0.600;;
.77201375;27157;ROSA;RED NAOMI!;;H 50;;;FIORI;;220;60.000;1.20;10;PZ;;;;01/03/2017;89;CTCODFOR;False;;0;1.200;1.200;;
.77201376;27157;ROSA;RED NAOMI!;;H 60;;;FIORI;;0;60.000;1.70;10;PZ;;;;01/03/2017;89;CTCODFOR;False;;0;1.700;1.700;;
.77201377;27157;ROSA;RED NAOMI!;;H 80;;;FIORI;;0;50.000;1.60;10;PZ;;;;01/03/2017;89;CTCODFOR;False;;0;1.600;1.600;;
.77201378;27157;ROSA;RED NAOMI!;;H 80;;;FIORI;;0;50.000;2.00;10;PZ;;;;01/03/2017;89;CTCODFOR;False;;0;2.000;2.000;;
.77201379;107680;ROSA;SOLSY;;H 55;;;FIORI;;0;100.000;0.70;10;PZ;;;;01/03/2017;89;CTCODFOR;False;;0;0.700;0.700;;
.77201380;100833;ROSA;SUDOKU;;H 50;;;FIORI;;0;60.000;0.80;10;PZ;;;;01/03/2017;89;CTCODFOR;False;;0;0.800;0.800;;
.77201381;;ROSA;TROS HALEY;;H 70;;;FIORI;;50;60.000;2.00;10;PZ;;;;01/03/2017;89;CTCODFOR;False;;0;2.000;2.000;;
.77201382;105211;ROSA;TROS PIANO FREILAND;;H 50;;;FIORI;;0;50.000;3.00;10;PZ;;;;01/03/2017;89;CTCODFOR;False;;0;3.000;3.000;;
.77201383;103496;ROSA;TROS PINK PIANO FREILAND;;H 50;;;FIORI;;0;60.000;2.00;10;PZ;;;;01/03/2017;89;CTCODFOR;False;;0;2.000;2.000;;
.77201384;101726;ROSA;TROS SNOWFLAKE;;H 60;;;FIORI;;0;80.000;1.00;10;PZ;;;;01/03/2017;89;CTCODFOR;False;;0;1.000;1.000;;
.77201397;;ROSA;MIXED;;H 60;;;FIORI;;400;20.000;1.60;10;PZ;;;;01/03/2017;91;CTCODFOR;False;;0;1.600;1.600;;
.77201398;;ROSA;MIXED;;H 50;;;FIORI;;0;240.000;1.30;10;PZ;;;;01/03/2017;91;CTCODFOR;False;;0;1.300;1.300;;
.77201399;27887;ROSA;FREEDOM;;H 80;;;FIORI;;0;320.000;1.80;10;PZ;;;;01/03/2017;91;CTCODFOR;False;;0;1.800;1.800;;
.77201408;28736;ROSA;ATHENA;;H 50;;;FIORI;;220;220.000;0.60;10;PZ;;;;02/03/2017;92;CTCODFOR;False;;0;0.600;0.600;;
.77201409;100453;ROSA;BELLE ROSE;;H 50;;;FIORI;;220;220.000;0.60;10;PZ;;;;02/03/2017;92;CTCODFOR;False;;0;0.600;0.600;;
.77201410;111347;ROSA;EXPLORER;;H 50;;;FIORI;;100;100.000;1.20;10;PZ;;;;02/03/2017;92;CTCODFOR;False;;0;1.200;1.200;;
.77201411;27887;ROSA;FREEDOM;;H 50;;;FIORI;;200;200.000;1.00;10;PZ;;;;02/03/2017;92;CTCODFOR;False;;0;1.000;1.000;;
.77201412;27887;ROSA;FREEDOM;;H 80;;;FIORI;;300;300.000;1.50;10;PZ;;;;02/03/2017;92;CTCODFOR;False;;0;1.500;1.500;;
.77201413;112066;ROSA;INCREDIBLE;;H 50;;;FIORI;;220;220.000;0.60;10;PZ;;;;02/03/2017;92;CTCODFOR;False;;0;0.600;0.600;;
.77201414;105803;ROSA;JULISCHKA;;H 50;;;FIORI;;220;220.000;0.60;10;PZ;;;;02/03/2017;92;CTCODFOR;False;;0;0.600;0.600;;
.77201415;18030;ROSA;MARIE-CLAIRE!;;H 50;;;FIORI;;200;220.000;0.60;10;PZ;;;;02/03/2017;92;CTCODFOR;False;;0;0.600;0.600;;
.77201416;28719;ROSA;MARINA;;H 50;;;FIORI;;170;200.000;0.60;10;PZ;;;;02/03/2017;92;CTCODFOR;False;;0;0.600;0.600;;
.77201417;.77200856;ROSA;MIX IN FUST;;H 50;;;FIORI;;400;600.000;1.00;10;PZ;;;;02/03/2017;92;CTCODFOR;False;;0;1.000;1.000;;
.77201418;.77200856;ROSA;MIX IN FUST;;H 70;;;FIORI;;100;100.000;1.35;10;PZ;;;;02/03/2017;92;CTCODFOR;False;;0;1.350;1.350;;
.77201419;;ROSA;MIX SANI;;H 50;;;FIORI;;0;400.000;0.36;10;PZ;;;;02/03/2017;92;CTCODFOR;False;;0;0.360;0.360;;
.77201420;28570;ROSA;MONDIAL;;H 80;;;FIORI;;100;100.000;1.50;10;PZ;;;;02/03/2017;92;CTCODFOR;False;;0;1.500;1.500;;
.77201232;77200275;ROSA;MIX IN BUNCH;;H 40;;;FIORI;;160;120.000;0.40;10;PZ;;;;21/02/2017;78;CTCODFOR;False;;0;0.400;0.400;;
.77201233;16207;ROSA;AVALANCHE+;;H 80;;;FIORI;;0;50.000;1.80;10;PZ;;;;21/02/2017;78;CTCODFOR;False;;0;1.800;1.800;;
.77201234;16207;ROSA;AVALANCHE+;;H 80;;;FIORI;;20;40.000;2.00;10;PZ;;;;21/02/2017;78;CTCODFOR;False;;0;2.000;2.000;;
.77201235;111347;ROSA;EXPLORER;;H 70;;;FIORI;;100;60.000;1.50;10;PZ;;;;21/02/2017;78;CTCODFOR;False;;0;1.500;1.500;;
.77201236;;ROSA;MIXED;;H 40;;;FIORI;;100;60.000;0.60;10;PZ;;;;21/02/2017;78;CTCODFOR;False;;0;0.600;0.600;;
.77201237;14651;ROSA;NARANGA;;H 50;;;FIORI;;40;40.000;1.00;10;PZ;;;;21/02/2017;78;CTCODFOR;False;;0;1.000;1.000;;
.77201238;24411;ROSA;PRIMABALLERINA;;H 40;;;FIORI;;50;60.000;0.70;10;PZ;;;;21/02/2017;78;CTCODFOR;False;;0;0.700;0.700;;
.77201241;27157;ROSA;RED NAOMI!;;H 80;;;FIORI;;30;50.000;1.80;10;PZ;;;;21/02/2017;78;CTCODFOR;False;;0;1.800;1.800;;
.77201242;27157;ROSA;RED NAOMI!;;H 80;;;FIORI;;100;50.000;1.80;10;PZ;;;;21/02/2017;78;CTCODFOR;False;;0;1.800;1.800;;
.77201244;;ROSA;BLAUW;;H 70;;;FIORI;;20;20.000;1.80;10;PZ;;;;21/02/2017;78;CTCODFOR;False;;0;1.800;1.800;;
.77201316;111347;ROSA;EXPLORER;;H 70;;;FIORI;;20;10.000;1.50;10;PZ;;;;28/02/2017;86;CTCODFOR;False;;0;1.500;1.500;;
.77201317;111347;ROSA;EXPLORER;;H 60;;;FIORI;;70;80.000;1.20;10;PZ;;;;28/02/2017;86;CTCODFOR;False;;0;1.200;1.200;;
.77201318;111347;ROSA;EXPLORER;;H 50;;;FIORI;;100;100.000;1.00;10;PZ;;;;28/02/2017;86;CTCODFOR;False;;0;1.000;1.000;;
.77201319;;ROSA;MIXED;;H 70;;;FIORI;;240;250.000;1.50;10;PZ;;;;28/02/2017;86;CTCODFOR;False;;0;1.500;1.500;;
.77201320;111347;ROSA;EXPLORER;;H 70;;;FIORI;;250;250.000;1.50;10;PZ;;;;28/02/2017;86;CTCODFOR;False;;0;1.500;1.500;;
.77201325;27887;ROSA;FREEDOM;;H 80;;;FIORI;;150;25.000;1.70;10;PZ;;;;28/02/2017;87;CTCODFOR;False;;0;1.700;1.700;;
.77201326;101955;ROSA;SEXY RED;;H 80;;;FIORI;;100;25.000;1.70;10;PZ;;;;28/02/2017;87;CTCODFOR;False;;0;1.700;1.700;;
.77201327;27887;ROSA;FREEDOM;;H 50;;;FIORI;;0;25.000;1.20;10;PZ;;;;28/02/2017;87;CTCODFOR;False;;0;1.200;1.200;;
.77201328;20497;ROSA;CLASSIC CEZANNE;;H 50;;;FIORI;;200;25.000;1.10;10;PZ;;;;28/02/2017;87;CTCODFOR;False;;0;1.100;1.100;;
.77201329;101905;ROSA;ENGAGEMENT;;H 50;;;FIORI;;250;25.000;1.10;10;PZ;;;;28/02/2017;87;CTCODFOR;False;;0;1.100;1.100;;
.77201330;;ROSA;MIXED;;H 40;;;FIORI;;200;25.000;1.00;10;PZ;;;;28/02/2017;87;CTCODFOR;False;;0;1.000;1.000;;
.77201331;28398;ROSA;CARPE DIEM+;;H 40;;;FIORI;;75;25.000;1.20;10;PZ;;;;28/02/2017;87;CTCODFOR;False;;0;1.200;1.200;;
.77201332;;ROSA;TIFFANY;;H 50;;;FIORI;;100;25.000;1.10;10;PZ;;;;28/02/2017;87;CTCODFOR;False;;0;1.100;1.100;;
.77201333;;ROSA;WEDDING SPIRIT;;H 50;;;FIORI;;100;25.000;1.10;10;PZ;;;;28/02/2017;87;CTCODFOR;False;;0;1.100;1.100;;
.77201334;100815;ROSA;FARFALLA;;H 30;;;FIORI;;250;25.000;0.80;10;PZ;;;;28/02/2017;87;CTCODFOR;False;;0;0.800;0.800;;
.77201335;;ROSA;TOP SECRET;;H 50;;;FIORI;;320;160.000;0.60;10;PZ;;;;28/02/2017;87;CTCODFOR;False;;0;0.600;0.600;;
.77201336;;ROSA;TOP SECRET;;H 40;;;FIORI;;360;120.000;0.50;10;PZ;;;;28/02/2017;87;CTCODFOR;False;;0;0.500;0.500;;
.77201337;110498;ROSA;CONTRAST;;H 50;;;FIORI;;320;160.000;0.60;10;PZ;;;;28/02/2017;87;CTCODFOR;False;;0;0.600;0.600;;
.77201338;;ROSA;RED TORCH;;H 40;;;FIORI;;220;110.000;0.70;10;PZ;;;;28/02/2017;87;CTCODFOR;False;;0;0.700;0.700;;
.77201182;28736;ROSA;ATHENA;;H 40;;;FIORI;;60;60.000;0.80;10;PZ;;;;21/02/2017;77;CTCODFOR;False;;0;0.800;0.800;;
.77201183;16207;ROSA;AVALANCHE+;;H 70;;;FIORI;;50;50.000;1.80;10;PZ;;;;21/02/2017;77;CTCODFOR;False;;0;1.800;1.800;;
.77201184;16207;ROSA;AVALANCHE+;;H 90;;;FIORI;;10;40.000;1.80;10;PZ;;;;21/02/2017;77;CTCODFOR;False;;0;1.800;1.800;;
.77201185;;ROSA;BLUEZ;;H 70;;;FIORI;;30;50.000;1.80;10;PZ;;;;21/02/2017;77;CTCODFOR;False;;0;1.800;1.800;;
.77201186;;ROSA;COPACABANA;;H 50;;;FIORI;;0;80.000;0.80;10;PZ;;;;21/02/2017;77;CTCODFOR;False;;0;0.800;0.800;;
.77201187;111347;ROSA;EXPLORER;;H 80;;;FIORI;;70;60.000;1.50;10;PZ;;;;21/02/2017;77;CTCODFOR;False;;0;1.500;1.500;;
.77201188;103512;ROSA;GEMENGD IN FUST;;H 60;;;FIORI;;60;40.000;1.30;10;PZ;;;;21/02/2017;77;CTCODFOR;False;;0;1.300;1.300;;
.77201189;103581;ROSA;GOOD TIMES;;H 50;;;FIORI;;90;100.000;0.60;10;PZ;;;;21/02/2017;77;CTCODFOR;False;;0;0.600;0.600;;
.77201190;106979;ROSA;JOLIE;;H 80;;;FIORI;;40;60.000;1.50;10;PZ;;;;21/02/2017;77;CTCODFOR;False;;0;1.500;1.500;;
.77201191;;ROSA;LUCKY RED;;H 60;;;FIORI;;30;40.000;1.60;10;PZ;;;;21/02/2017;77;CTCODFOR;False;;0;1.600;1.600;;
.77201192;111071;ROSA;MOONWALK;;H 50;;;FIORI;;60;70.000;0.60;10;PZ;;;;21/02/2017;77;CTCODFOR;False;;0;0.600;0.600;;
.77201193;109164;ROSA;PENNY LANE;;H 80;;;FIORI;;30;50.000;1.80;10;PZ;;;;21/02/2017;77;CTCODFOR;False;;0;1.800;1.800;;
.77201194;24411;ROSA;PRIMABALLERINA;;H 40;;;FIORI;;0;60.000;0.80;10;PZ;;;;21/02/2017;77;CTCODFOR;False;;0;0.800;0.800;;
.77201195;27157;ROSA;RED NAOMI!;;H 70;;;FIORI;;70;50.000;2.00;10;PZ;;;;21/02/2017;77;CTCODFOR;False;;0;2.000;2.000;;
.77201197;27157;ROSA;RED NAOMI!;;H 80;;;FIORI;;200;50.000;1.50;10;PZ;;;;21/02/2017;77;CTCODFOR;False;;0;1.500;1.500;;
.77201198;109180;ROSA;SWEET DOLOMITI;;H 40;;;FIORI;;0;30.000;0.80;10;PZ;;;;21/02/2017;77;CTCODFOR;False;;0;0.800;0.800;;
.77201199;22249;ROSA;TORERO;;H 30;;;FIORI;;100;100.000;0.40;10;PZ;;;;21/02/2017;77;CTCODFOR;False;;0;0.400;0.400;;
.77201200;13990;ROSA;TROPICAL AMAZONE;;H 40;;;FIORI;;60;80.000;0.50;10;PZ;;;;21/02/2017;77;CTCODFOR;False;;0;0.500;0.500;;
.77201201;15943;ROSA;RED CALYPSO;;H 40;;;FIORI;;70;120.000;0.50;10;PZ;;;;21/02/2017;77;CTCODFOR;False;;0;0.500;0.500;;
.77201202;28753;ROSA;TI SENTO;;H 40;;;FIORI;;80;120.000;0.50;10;PZ;;;;21/02/2017;77;CTCODFOR;False;;0;0.500;0.500;;
.77201203;23403;ROSA;TOPSUN!;;H 50;;;FIORI;;120;120.000;0.50;10;PZ;;;;21/02/2017;77;CTCODFOR;False;;0;0.500;0.500;;
.77201204;;ROSA;TROS WHITE BUBBLES;;H 60;;;FIORI;;50;50.000;1.50;10;PZ;;;;21/02/2017;77;CTCODFOR;False;;0;1.500;1.500;;
.77201205;104762;ROSA;TROS SWEET SARA;;H 40;;;FIORI;;40;60.000;1.20;10;PZ;;;;21/02/2017;77;CTCODFOR;False;;0;1.200;1.200;;
.77201078;27887;ROSA;FREEDOM;;H 80;;;FIORI;;100;250.000;2.50;10;PZ;;;;09/02/2017;63;CTCODFOR;False;;0;2.500;2.500;;
.77201079;27887;ROSA;FREEDOM;;H 50;;;FIORI;;25;100.000;1.60;10;PZ;;;;09/02/2017;63;CTCODFOR;False;;0;1.600;1.600;;
.77201121;28736;ROSA;ATHENA;;X 6;;;FIORI;;100;220.000;0.60;10;PZ;;;;20/02/2017;74;CTCODFOR;False;;0;0.600;0.600;;
.77201122;100453;ROSA;BELLE ROSE;;H 50;;;FIORI;;170;110.000;0.60;10;PZ;;;;20/02/2017;74;CTCODFOR;False;;0;0.600;0.600;;
.77201123;25641;ROSA;BLUSH;;H 70;;;FIORI;;95;150.000;1.50;10;PZ;;;;20/02/2017;74;CTCODFOR;False;;0;1.500;1.500;;
.77201124;111347;ROSA;EXPLORER;;H 80;;;FIORI;;125;30.000;1.50;10;PZ;;;;20/02/2017;74;CTCODFOR;False;;0;1.500;1.500;;
.77201126;27887;ROSA;FREEDOM;;H 80;;;FIORI;;80;25.000;1.50;10;PZ;;;;20/02/2017;74;CTCODFOR;False;;0;1.500;1.500;;
.77201127;27887;ROSA;FREEDOM;;H 50;;;FIORI;;200;25.000;1.00;10;PZ;;;;20/02/2017;74;CTCODFOR;False;;0;1.000;1.000;;
.77201128;103581;ROSA;GOOD TIMES;;H 50;;;FIORI;;100;220.000;0.60;10;PZ;;;;20/02/2017;74;CTCODFOR;False;;0;0.600;0.600;;
.77201129;112066;ROSA;INCREDIBLE;;H 50;;;FIORI;;210;220.000;0.60;10;PZ;;;;20/02/2017;74;CTCODFOR;False;;0;0.600;0.600;;
.77201130;105803;ROSA;JULISCHKA;;H 50;;;FIORI;;140;110.000;0.60;10;PZ;;;;20/02/2017;74;CTCODFOR;False;;0;0.600;0.600;;
.77201131;;ROSA;LA BELLE PREMIUM;;H 50;;;FIORI;;200;110.000;0.60;10;PZ;;;;20/02/2017;74;CTCODFOR;False;;0;0.600;0.600;;
.77201134;28570;ROSA;MONDIAL;;H 80;;;FIORI;;0;150.000;1.50;10;PZ;;;;20/02/2017;74;CTCODFOR;False;;0;1.500;1.500;;
.77201135;.77200856;ROSA;MIX IN FUST;;H 70;;;FIORI;;0;80.000;1.50;10;PZ;;;;21/02/2017;75;CTCODFOR;False;;0;1.500;1.500;;
.77201136;.77200856;ROSA;MIX IN FUST;;H 60;;;FIORI;;0;40.000;1.20;10;PZ;;;;21/02/2017;75;CTCODFOR;False;;0;1.200;1.200;;
.77201137;.77200856;ROSA;MIX IN FUST;;H 50;;;FIORI;;110;100.000;1.00;10;PZ;;;;21/02/2017;75;CTCODFOR;False;;0;1.000;1.000;;
.77201290;16207;ROSA;AVALANCHE+;;H 60;;;FIORI;;120;60.000;1.20;10;PZ;;;;24/02/2017;82;CTCODFOR;False;;0;1.200;1.200;;
.77201291;16207;ROSA;AVALANCHE+;;H 80;;;FIORI;;30;40.000;1.50;10;PZ;;;;24/02/2017;82;CTCODFOR;False;;0;1.500;1.500;;
.77201292;110401;ROSA;AVALANCHE CANDY+;;H 60;;;FIORI;;0;50.000;1.20;10;PZ;;;;24/02/2017;82;CTCODFOR;False;;0;1.200;1.200;;
.77201293;29037;ROSA;AVALANCHE PEACH+;;H 60;;;FIORI;;50;50.000;1.20;10;PZ;;;;24/02/2017;82;CTCODFOR;False;;0;1.200;1.200;;
.77201294;;ROSA;AVALANCHE PINK;;H 70;;;FIORI;;50;50.000;1.30;10;PZ;;;;24/02/2017;82;CTCODFOR;False;;0;1.300;1.300;;
.77201295;;ROSA;BIZZARRE;;H 60;;;FIORI;;120;60.000;1.00;10;PZ;;;;24/02/2017;82;CTCODFOR;False;;0;1.000;1.000;;
.77201296;110130;ROSA;CHARMANT;;H 50;;;FIORI;;60;60.000;0.90;10;PZ;;;;24/02/2017;82;CTCODFOR;False;;0;0.900;0.900;;
.77201297;112767;ROSA;ESPANA;;H 50;;;FIORI;;50;80.000;0.80;10;PZ;;;;24/02/2017;82;CTCODFOR;False;;0;0.800;0.800;;
.77201298;579;ROSA;GEMENGD IN BOS;;H 50;;;FIORI;;310;120.000;0.70;10;PZ;;;;24/02/2017;82;CTCODFOR;False;;0;0.700;0.700;;
.77201299;106976;ROSA;HARLEQUIN;;H 70;;;FIORI;;80;80.000;1.00;10;PZ;;;;24/02/2017;82;CTCODFOR;False;;0;1.000;1.000;;
.77201300;27157;ROSA;RED NAOMI!;;H 70;;;FIORI;;50;50.000;1.50;10;PZ;;;;24/02/2017;82;CTCODFOR;False;;0;1.500;1.500;;
.77201301;27157;ROSA;RED NAOMI!;;H 70;;;FIORI;;10;50.000;1.20;10;PZ;;;;24/02/2017;82;CTCODFOR;False;;0;1.200;1.200;;
.77201302;27157;ROSA;RED NAOMI!;;H 60;;;FIORI;;50;60.000;1.00;10;PZ;;;;24/02/2017;82;CTCODFOR;False;;0;1.000;1.000;;
.77201303;105163;ROSA;TESTAROSSA;;H 80;;;FIORI;;120;60.000;1.50;10;PZ;;;;24/02/2017;82;CTCODFOR;False;;0;1.500;1.500;;
.77201117;27887;ROSA;FREEDOM;;H 80;;;FIORI;;0;140.000;1.10;10;PZ;;;;20/02/2017;73;CTCODFOR;False;;0;1.100;1.100;;
.77201142;27887;ROSA;FREEDOM;;H 80;;;FIORI;;50;25.000;1.60;10;PZ;;;;21/02/2017;76;CTCODFOR;False;;0;1.600;1.600;;
.77201143;;ROSA;REMEMBER;;H 60;;;FIORI;;75;25.000;1.30;10;PZ;;;;21/02/2017;76;CTCODFOR;False;;0;1.300;1.300;;
.77201144;;ROSA;REMEMBER;;H 50;;;FIORI;;50;25.000;1.20;10;PZ;;;;21/02/2017;76;CTCODFOR;False;;0;1.200;1.200;;
.77201145;;ROSA;BLACK PEARL;;H 50;;;FIORI;;50;25.000;1.60;10;PZ;;;;21/02/2017;76;CTCODFOR;False;;0;1.600;1.600;;
.77201146;;ROSA;3D QUARTER;;H 70;;;FIORI;;100;25.000;1.60;10;PZ;;;;21/02/2017;76;CTCODFOR;False;;0;1.600;1.600;;
.77201147;375;ROSA;LA PERLA;;H 60;;;FIORI;;100;25.000;1.50;10;PZ;;;;21/02/2017;76;CTCODFOR;False;;0;1.500;1.500;;
.77201148;20174;ROSA;LEMONADE;;H 60;;;FIORI;;50;25.000;1.30;10;PZ;;;;21/02/2017;76;CTCODFOR;False;;0;1.300;1.300;;
.77201149;20174;ROSA;LEMONADE;;H 50;;;FIORI;;100;25.000;1.20;10;PZ;;;;21/02/2017;76;CTCODFOR;False;;0;1.200;1.200;;
.77201151;;ROSA;MIX QUARTER;;H 50;;;FIORI;;125;25.000;1.20;10;PZ;;;;21/02/2017;76;CTCODFOR;False;;0;1.200;1.200;;
.77201152;;ROSA;NENA;;H 50;;;FIORI;;25;25.000;1.00;10;PZ;;;;21/02/2017;76;CTCODFOR;False;;0;1.000;1.000;;
.77201153;100815;ROSA;FARFALLA;;H 30;;;FIORI;;125;25.000;0.80;10;PZ;;;;21/02/2017;76;CTCODFOR;False;;0;0.800;0.800;;
.77201154;110646;ROSA;RHODOS;;H 60;;;FIORI;;20;20.000;1.00;10;PZ;;;;21/02/2017;76;CTCODFOR;False;;0;1.000;1.000;;
.77201155;;ROSA;RAINBOW MIX;;H 40;;;FIORI;;80;140.000;0.50;10;PZ;;;;21/02/2017;76;CTCODFOR;False;;0;0.500;0.500;;
.77201156;112180;ROSA;CONFIDENTIAL;;H 50;;;FIORI;;160;90.000;0.80;10;PZ;;;;21/02/2017;76;CTCODFOR;False;;0;0.800;0.800;;
.77201157;109164;ROSA;PENNY LANE;;H 40;;;FIORI;;190;110.000;0.70;10;PZ;;;;21/02/2017;76;CTCODFOR;False;;0;0.700;0.700;;
.77201158;110661;ROSA;SENORITA;;H 40;;;FIORI;;0;20.000;0.70;10;PZ;;;;21/02/2017;76;CTCODFOR;False;;0;0.700;0.700;;
.77201159;103976;ROSA;WEDDING BELL;;H 40;;;FIORI;;20;20.000;0.70;10;PZ;;;;21/02/2017;76;CTCODFOR;False;;0;0.700;0.700;;
.77201160;24420;ROSA;MARIYO!;;H 50;;;FIORI;;190;120.000;0.70;10;PZ;;;;21/02/2017;76;CTCODFOR;False;;0;0.700;0.700;;
.77200854;27887;ROSA;FREEDOM;;H 60;;;FIORI;;0;400.000;2.00;10;PZ;;;;06/02/2017;55;CTCODFOR;False;;0;2.000;2.000;;
.77200856;.77200856;ROSA;MIX IN FUST;;H 60;;;FIORI;;25;25.000;2.00;10;PZ;;;;07/02/2017;56;CTCODFOR;False;;0;2.000;2.000;;
.77200857;.77200856;ROSA;MIX IN FUST;;H 50;;;FIORI;;35;75.000;1.50;10;PZ;;;;07/02/2017;56;CTCODFOR;False;;0;1.500;1.500;;
.77200858;.77200856;ROSA;MIX IN FUST;;H 80;;;FIORI;;50;25.000;2.50;10;PZ;;;;07/02/2017;56;CTCODFOR;False;;0;2.500;2.500;;
.77200859;28570;ROSA;MONDIAL;;H 70;;;FIORI;;50;10.000;1.30;10;PZ;;;;07/02/2017;56;CTCODFOR;False;;0;1.300;1.300;;
.77200898;27887;ROSA;FREEDOM;;H 90;;;FIORI;;75;25.000;3.00;10;PZ;;;;07/02/2017;57;CTCODFOR;False;;0;3.000;3.000;;
.77200934;103736;ROSA;ADV. SWEETNESS;;H 80;;;FIORI;;80;80.000;1.30;10;PZ;;;;07/02/2017;58;CTCODFOR;False;;0;1.300;1.300;;
.77200935;16207;ROSA;AVALANCHE+;;H 80;;;FIORI;;0;40.000;1.50;10;PZ;;;;07/02/2017;58;CTCODFOR;False;;0;1.500;1.500;;
.77200936;112329;ROSA;BLUEBERRY;;H 70;;;FIORI;;80;80.000;1.25;10;PZ;;;;07/02/2017;58;CTCODFOR;False;;0;1.250;1.250;;
.77200937;26039;ROSA;COLANDRO;;H 50;;;FIORI;;40;80.000;0.80;10;PZ;;;;07/02/2017;58;CTCODFOR;False;;0;0.800;0.800;;
.77200938;12157;ROSA;GRAND PRIX;;H 70;;;FIORI;;0;80.000;1.50;10;PZ;;;;07/02/2017;58;CTCODFOR;False;;0;1.500;1.500;;
.77200939;;ROSA;LEMON FINESS;;H 90;;;FIORI;;40;40.000;1.70;10;PZ;;;;07/02/2017;58;CTCODFOR;False;;0;1.700;1.700;;
.77200940;;ROSA;LIMELIGHT;;H 80;;;FIORI;;70;50.000;1.20;10;PZ;;;;07/02/2017;58;CTCODFOR;False;;0;1.200;1.200;;
.77200941;;ROSA;KLB;;H 80;;;FIORI;;30;40.000;2.80;10;PZ;;;;07/02/2017;58;CTCODFOR;False;;0;2.800;2.800;;
.77200942;109164;ROSA;PENNY LANE;;H 80;;;FIORI;;0;40.000;2.00;10;PZ;;;;07/02/2017;58;CTCODFOR;False;;0;2.000;2.000;;
.77200943;109164;ROSA;PENNY LANE;;H 70;;;FIORI;;0;50.000;1.80;10;PZ;;;;07/02/2017;58;CTCODFOR;False;;0;1.800;1.800;;
.77200944;27157;ROSA;RED NAOMI!;;H 70;;;FIORI;;0;50.000;2.00;10;PZ;;;;07/02/2017;58;CTCODFOR;False;;0;2.000;2.000;;
.77200945;27157;ROSA;RED NAOMI!;;H 60;;;FIORI;;0;60.000;1.50;10;PZ;;;;07/02/2017;58;CTCODFOR;False;;0;1.500;1.500;;
.77200946;27157;ROSA;RED NAOMI!;;H 80;;;FIORI;;180;50.000;3.50;10;PZ;;;;07/02/2017;58;CTCODFOR;False;;0;3.500;3.500;;
.77201000;16207;ROSA;AVALANCHE+;;H 60;;;FIORI;;50;60.000;1.40;10;PZ;;;;08/02/2017;60;CTCODFOR;False;;0;1.400;1.400;;
.77201001;77200235;ROSA;AVALANCHE KOENE;;H 70;;;FIORI;;20;50.000;1.60;10;PZ;;;;08/02/2017;60;CTCODFOR;False;;0;1.600;1.600;;
.77201002;77200235;ROSA;AVALANCHE KOENE;;H 80;;;FIORI;;0;40.000;1.80;10;PZ;;;;08/02/2017;60;CTCODFOR;False;;0;1.800;1.800;;
.77201003;77200235;ROSA;AVALANCHE KOENE;;H 80;;;FIORI;;0;40.000;1.80;10;PZ;;;;08/02/2017;60;CTCODFOR;False;;0;1.800;1.800;;
.77201004;29037;ROSA;AVALANCHE PEACH+;;H 60;;;FIORI;;40;80.000;1.20;10;PZ;;;;08/02/2017;60;CTCODFOR;False;;0;1.200;1.200;;
.77201005;;ROSA;DOLCE AVALANCHE;;H 70;;;FIORI;;40;40.000;1.00;10;PZ;;;;08/02/2017;60;CTCODFOR;False;;0;1.000;1.000;;
.77201006;19213;ROSA;EL TORO;;H 40;;;FIORI;;120;60.000;0.60;10;PZ;;;;08/02/2017;60;CTCODFOR;False;;0;0.600;0.600;;
.77201007;;ROSA;RAINBOW MIX;;H 50;;;FIORI;;0;60.000;1.00;10;PZ;;;;08/02/2017;60;CTCODFOR;False;;0;1.000;1.000;;
.77201008;109180;ROSA;SWEET DOLOMITI;;H 40;;;FIORI;;40;40.000;0.80;10;PZ;;;;08/02/2017;60;CTCODFOR;False;;0;0.800;0.800;;
.77201009;24420;ROSA;MARIYO!;;H 40;;;FIORI;;40;60.000;0.60;10;PZ;;;;08/02/2017;60;CTCODFOR;False;;0;0.600;0.600;;
.77201010;77200236;ROSA;MIX IN BLIK;;H 50;;;FIORI;;0;120.000;0.80;10;PZ;;;;08/02/2017;60;CTCODFOR;False;;0;0.800;0.800;;
.77201013;;ROSA;RED EAGLE;;H 70;;;FIORI;;0;40.000;2.80;10;PZ;;;;08/02/2017;60;CTCODFOR;False;;0;2.800;2.800;;
.77201014;27157;ROSA;RED NAOMI!;;H 40;;;FIORI;;40;40.000;1.70;10;PZ;;;;08/02/2017;60;CTCODFOR;False;;0;1.700;1.700;;
.77201015;27157;ROSA;RED NAOMI!;;H 80;;;FIORI;;0;50.000;3.00;10;PZ;;;;08/02/2017;60;CTCODFOR;False;;0;3.000;3.000;;
.77201016;27157;ROSA;RED NAOMI!;;H 80;;;FIORI;;0;50.000;3.00;10;PZ;;;;08/02/2017;60;CTCODFOR;False;;0;3.000;3.000;;
.77201019;27157;ROSA;RED NAOMI!;;H 60;;;FIORI;;90;60.000;2.00;10;PZ;;;;08/02/2017;60;CTCODFOR;False;;0;2.000;2.000;;
.77201020;27157;ROSA;RED NAOMI!;;H 60;;;FIORI;;70;50.000;3.00;10;PZ;;;;08/02/2017;60;CTCODFOR;False;;0;3.000;3.000;;
.77201021;108588;ROSA;TROS MIRABEL;;H 60;;;FIORI;;0;70.000;1.60;10;PZ;;;;08/02/2017;60;CTCODFOR;False;;0;1.600;1.600;;
.77201022;;ROSA;TROS SENSATION;;H 40;;;FIORI;;20;40.000;0.70;10;PZ;;;;08/02/2017;60;CTCODFOR;False;;0;0.700;0.700;;
.77201023;101726;ROSA;TROS SNOWFLAKE;;H 60;;;FIORI;;50;80.000;1.30;10;PZ;;;;08/02/2017;60;CTCODFOR;False;;0;1.300;1.300;;
.77201084;111347;ROSA;EXPLORER;;H 80;;;FIORI;;75;225.000;2.50;10;PZ;;;;09/02/2017;63;CTCODFOR;False;;0;2.500;2.500;;
.77201085;17823;ROSA;FOREVER;;H 80;;;FIORI;;50;25.000;2.50;10;PZ;;;;09/02/2017;63;CTCODFOR;False;;0;2.500;2.500;;
.77201086;27887;ROSA;FREEDOM;;H 80;;;FIORI;;150;150.000;2.60;10;PZ;;;;09/02/2017;63;CTCODFOR;False;;0;2.600;2.600;;
.77201087;111347;ROSA;EXPLORER;;H 70;;;FIORI;;115;25.000;2.50;10;PZ;;;;09/02/2017;63;CTCODFOR;False;;0;2.500;2.500;;
.77201088;27887;ROSA;FREEDOM;;H 70;;;FIORI;;0;150.000;2.30;10;PZ;;;;09/02/2017;63;CTCODFOR;False;;0;2.300;2.300;;
.77201089;101955;ROSA;SEXY RED;;H 80;;;FIORI;;25;25.000;2.00;10;PZ;;;;09/02/2017;63;CTCODFOR;False;;0;2.000;2.000;;
.77201090;111347;ROSA;EXPLORER;;H 50;;;FIORI;;15;25.000;1.80;10;PZ;;;;09/02/2017;63;CTCODFOR;False;;0;1.800;1.800;;
.77201091;27887;ROSA;FREEDOM;;H 50;;;FIORI;;0;425.000;1.80;10;PZ;;;;09/02/2017;63;CTCODFOR;False;;0;1.800;1.800;;
.77201092;101955;ROSA;SEXY RED;;H 50;;;FIORI;;145;25.000;1.70;10;PZ;;;;09/02/2017;63;CTCODFOR;False;;0;1.700;1.700;;
.77201093;111347;ROSA;EXPLORER;;H 40;;;FIORI;;50;25.000;1.50;10;PZ;;;;09/02/2017;63;CTCODFOR;False;;0;1.500;1.500;;
.77201094;101955;ROSA;SEXY RED;;H 40;;;FIORI;;0;500.000;1.50;10;PZ;;;;09/02/2017;63;CTCODFOR;False;;0;1.500;1.500;;
.77201095;;ROSA;MIXED;;H 40;;;FIORI;;10;25.000;1.00;10;PZ;;;;09/02/2017;63;CTCODFOR;False;;0;1.000;1.000;;
.77201096;;ROSA;PINK FARFALA;;H 50;;;FIORI;;0;125.000;1.30;10;PZ;;;;09/02/2017;63;CTCODFOR;False;;0;1.300;1.300;;
.77201097;;ROSA;MONTECARLO;;H 50;;;FIORI;;180;240.000;1.20;10;PZ;;;;09/02/2017;63;CTCODFOR;False;;0;1.200;1.200;;
.77201098;;ROSA;MIX QUARTER;;H 50;;;FIORI;;150;130.000;0.80;10;PZ;;;;09/02/2017;63;CTCODFOR;False;;0;0.800;0.800;;
.77201099;109243;ROSA;ALISON;;H 50;;;FIORI;;100;90.000;1.00;10;PZ;;;;09/02/2017;63;CTCODFOR;False;;0;1.000;1.000;;
.77201100;;ROSA;RAINBOW JUMP;;H 40;;;FIORI;;0;120.000;0.80;10;PZ;;;;09/02/2017;63;CTCODFOR;False;;0;0.800;0.800;;
.77201061;28736;ROSA;ATHENA;;H 50;;;FIORI;;160;110.000;0.70;10;PZ;;;;08/02/2017;62;CTCODFOR;False;;0;0.700;0.700;;
.77201062;100453;ROSA;BELLE ROSE;;H 50;;;FIORI;;220;110.000;0.70;10;PZ;;;;08/02/2017;62;CTCODFOR;False;;0;0.700;0.700;;
.77201064;;ROSA;BRIGHTON;;H 80;;;FIORI;;65;25.000;1.70;10;PZ;;;;08/02/2017;62;CTCODFOR;False;;0;1.700;1.700;;
.77201065;111347;ROSA;EXPLORER;;H 50;;;FIORI;;0;25.000;1.70;10;PZ;;;;08/02/2017;62;CTCODFOR;False;;0;1.700;1.700;;
.77201066;111347;ROSA;EXPLORER;;H 80;;;FIORI;;115;25.000;2.40;10;PZ;;;;08/02/2017;62;CTCODFOR;False;;0;2.400;2.400;;
.77201068;27887;ROSA;FREEDOM;;H 80;;;FIORI;;100;25.000;2.30;10;PZ;;;;08/02/2017;62;CTCODFOR;False;;0;2.300;2.300;;
.77201069;103581;ROSA;GOOD TIMES;;H 50;;;FIORI;;0;110.000;0.70;10;PZ;;;;08/02/2017;62;CTCODFOR;False;;0;0.700;0.700;;
.77201071;105803;ROSA;JULISCHKA;;H 50;;;FIORI;;10;110.000;0.70;10;PZ;;;;08/02/2017;62;CTCODFOR;False;;0;0.700;0.700;;
.77201072;18030;ROSA;MARIE-CLAIRE!;;H 50;;;FIORI;;140;110.000;0.70;10;PZ;;;;08/02/2017;62;CTCODFOR;False;;0;0.700;0.700;;
.77201073;28570;ROSA;MONDIAL;;H 80;;;FIORI;;100;25.000;1.70;10;PZ;;;;08/02/2017;62;CTCODFOR;False;;0;1.700;1.700;;
.77201074;100833;ROSA;SUDOKU;;H 50;;;FIORI;;0;100.000;0.70;10;PZ;;;;08/02/2017;62;CTCODFOR;False;;0;0.700;0.700;;
.77200865;27887;ROSA;FREEDOM;;H 70;;;FIORI;;0;150.000;2.40;10;PZ;;;;07/02/2017;57;CTCODFOR;False;;0;2.400;2.400;;
.77200866;27887;ROSA;FREEDOM;;H 90;;;FIORI;;0;25.000;3.00;10;PZ;;;;07/02/2017;57;CTCODFOR;False;;0;3.000;3.000;;
.77200869;23011;ROSA;RED INTUITION;;H 80;;;FIORI;;0;25.000;2.50;10;PZ;;;;07/02/2017;57;CTCODFOR;False;;0;2.500;2.500;;
.77200870;111347;ROSA;EXPLORER;;H 70;;;FIORI;;160;25.000;2.50;10;PZ;;;;07/02/2017;57;CTCODFOR;False;;0;2.500;2.500;;
.77200872;27887;ROSA;FREEDOM;;H 70;;;FIORI;;350;350.000;2.50;10;PZ;;;;07/02/2017;57;CTCODFOR;False;;0;2.500;2.500;;
.77200875;25641;ROSA;BLUSH;;H 70;;;FIORI;;45;25.000;1.50;10;PZ;;;;07/02/2017;57;CTCODFOR;False;;0;1.500;1.500;;
.77200876;101905;ROSA;ENGAGEMENT;;H 50;;;FIORI;;0;25.000;1.30;10;PZ;;;;07/02/2017;57;CTCODFOR;False;;0;1.300;1.300;;
.77200877;28908;ROSA;IGUANA;;H 50;;;FIORI;;75;25.000;1.20;10;PZ;;;;07/02/2017;57;CTCODFOR;False;;0;1.200;1.200;;
.77200878;;ROSA;MIXED;;H 50;;;FIORI;;0;25.000;1.20;10;PZ;;;;07/02/2017;57;CTCODFOR;False;;0;1.200;1.200;;
.77200880;;ROSA;RAINBOW MIX;;H 40;;;FIORI;;50;25.000;1.00;10;PZ;;;;07/02/2017;57;CTCODFOR;False;;0;1.000;1.000;;
.77200881;;ROSA;BRIGHTON;;H 50;;;FIORI;;15;25.000;1.50;10;PZ;;;;07/02/2017;57;CTCODFOR;False;;0;1.500;1.500;;
.77200882;28398;ROSA;CARPE DIEM+;;H 50;;;FIORI;;40;25.000;1.30;10;PZ;;;;07/02/2017;57;CTCODFOR;False;;0;1.300;1.300;;
.77200883;107743;ROSA;CABARET;;H 60;;;FIORI;;100;25.000;1.50;10;PZ;;;;07/02/2017;57;CTCODFOR;False;;0;1.500;1.500;;
.77200885;28570;ROSA;MONDIAL;;H 50;;;FIORI;;100;25.000;1.30;10;PZ;;;;07/02/2017;57;CTCODFOR;False;;0;1.300;1.300;;
.77200886;110646;ROSA;RHODOS;;H 50;;;FIORI;;200;100.000;1.50;10;PZ;;;;07/02/2017;57;CTCODFOR;False;;0;1.500;1.500;;
.77200887;;ROSA;RED TORCH;;H 40;;;FIORI;;8;100.000;1.20;10;PZ;;;;07/02/2017;57;CTCODFOR;False;;0;1.200;1.200;;
.77200888;26448;ROSA;RED RIBBON;;H 40;;;FIORI;;0;85.000;0.80;10;PZ;;;;07/02/2017;57;CTCODFOR;False;;0;0.800;0.800;;
.77200889;110649;ROSA;CELEB;;H 40;;;FIORI;;70;100.000;0.80;10;PZ;;;;07/02/2017;57;CTCODFOR;False;;0;0.800;0.800;;
.77200890;;ROSA;MIXED;;H 50;;;FIORI;;40;100.000;0.80;10;PZ;;;;07/02/2017;57;CTCODFOR;False;;0;0.800;0.800;;
.77200891;;ROSA;RAINBOW JUMP;;H 40;;;FIORI;;70;85.000;0.70;10;PZ;;;;07/02/2017;57;CTCODFOR;False;;0;0.700;0.700;;
.77201025;;FSALAL1;TIPS;;;;;;;4;25.000;4.00;10;PZ;;;;07/02/2017;57;CTCODFOR;False;;0;4.000;4.000;;
.77201162;;FSALAL1;TIPS;;;;;;;23;25.000;4.00;10;PZ;;;;21/02/2017;76;CTCODFOR;False;;0;4.000;4.000;;
.77201346;;FSALAL1;TIPS;;;;;;;20;25.000;4.00;10;PZ;;;;28/02/2017;87;CTCODFOR;False;;0;4.000;4.000;;
.77201385;2244;SALIX;SALIX;;;;;FIORI;;70;90.000;1.20;10;PZ;;;;01/03/2017;89;CTCODFOR;False;;0;1.200;1.200;;
.77201245;6264;SCABIOSA;STELLATA;;;;;FIORI;;0;90.000;0.40;10;PZ;;;;21/02/2017;78;CTCODFOR;False;;0;0.400;0.400;;
.77201246;;FSENECIO;NEW LOOK;;;;;FIORI;;25;40.000;1.80;10;PZ;;;;21/02/2017;78;CTCODFOR;False;;0;1.800;1.800;;
.77201030;26838;Solidago;GOLDEN GLORY;;H 70;;;FIORI;;0;25.000;0.60;10;PZ;;;;08/02/2017;60;CTCODFOR;False;;0;0.600;0.000;;
.77201305;111213;Syringa;VULGARIS VIRGIN WHITE;;H 80;;;FIORI;;30;10.000;3.50;10;PZ;;;;24/02/2017;82;CTCODFOR;False;;0;3.500;0.000;;
.77200861;;FT-GRASS;;;;;;;;48;50.000;1.50;10;PZ;;;;07/02/2017;57;CTCODFOR;False;;0;1.500;1.500;;
.77201307;;FTOGO;VRUCHT NIEW;;H 60;;;;;20;10.000;2.10;10;PZ;;;;24/02/2017;82;CTCODFOR;False;;0;2.100;2.100;;
.77201138;;FTREEFERN;PORTUGAL;;;;;;;18;20.000;4.00;10;PZ;;;;21/02/2017;76;CTCODFOR;False;;0;4.000;4.000;;
.77200862;;FTREEFERN;PORTUGAL;;;;;;;1;20.000;4.00;10;PZ;;;;07/02/2017;57;CTCODFOR;False;;0;4.000;4.000;;
.77201386;330;TULIPA;ENKEL GEMENGD;;;;;FIORI;;150;50.000;0.70;10;PZ;;;;01/03/2017;89;CTCODFOR;False;;0;0.700;0.700;;
.77201389;;TULIPA;GEMENGD;;;;;FIORI;;440;500.000;0.60;10;PZ;;;;01/03/2017;90;CTCODFOR;False;;0;0.600;0.600;;
.77201360;964;VANDA;OVERIG;;;;;FIORI;;8;8.000;10.00;10;PZ;;;;01/03/2017;89;CTCODFOR;False;;0;10.000;10.000;;
.77201306;103863;VANDA;NITAYA ROYAL BLUE;;;;;FIORI;;32;16.000;1.00;10;PZ;;;;24/02/2017;82;CTCODFOR;False;;0;1.000;1.000;;
.77201034;;VANDA;BLUE MAGIC;;;;;FIORI;;0;16.000;2.00;10;PZ;;;;08/02/2017;60;CTCODFOR;False;;0;2.000;2.000;;
.77200893;;FVERDE;BQT NEW MALMIX;;;;;;;3;1.000;16.00;10;PZ;;;;07/02/2017;57;CTCODFOR;False;;0;16.000;16.000;;
.77200847;;FVERDE;ASTERINI;;;;;;;20;225.000;0.60;10;PZ;;;;01/02/2017;52;CTCODFOR;False;;0;0.600;0.600;;
.77200849;;FVERDE;MAZZ.MISTA;;;;;;;66;210.000;5.00;10;PZ;;;;01/02/2017;52;CTCODFOR;False;;0;5.000;5.000;;
.77201256;;FVERDE;VIOLA;;;;;;;21;100.000;0.90;10;PZ;;;;22/02/2017;80;CTCODFOR;False;;0;0.900;0.900;;
.77201314;;FVERDE;STATICE;;;;;;;4;6.000;13.00;10;PZ;;;;26/02/2017;85;CTCODFOR;False;;0;13.000;13.000;;
.77201312;;FVERDE;ASTERINI;;;;;;;4;6.000;8.00;10;PZ;;;;26/02/2017;85;CTCODFOR;False;;0;8.000;8.000;;
.77201394;;FVERDE;VIOLA;;;;;;;120;120.000;0.90;10;PZ;;;;01/03/2017;90;CTCODFOR;False;;0;0.900;0.900;;
.77201106;;FVERDE;ASTERINI;;;;;;;0;9.000;12.00;10;PZ;;;;09/02/2017;64;CTCODFOR;False;;0;12.000;12.000;;
.77201114;;FVERDE;ASTERINI;;;;;;;145;150.000;0.50;10;PZ;;;;19/02/2017;70;CTCODFOR;False;;0;0.500;0.500;;
.77201395;;ViburnumArbusti;;;;;;FIORI;;1;1.000;0.00;10;PZ;;;;01/03/2017;89;CTCODFOR;False;;0;0.000;0.000;;
.77201387;295;ViburnumArbusti;OPULUS ROSEUM;;;;;FIORI;;0;40.000;1.50;10;PZ;;;;01/03/2017;89;CTCODFOR;False;;0;1.500;0.000;;
.77201351;14550;ZANTEDESCHIA;MAJESTIC RED;;;;;FIORI;;0;40.000;1.50;10;PZ;;;;01/03/2017;89;CTCODFOR;False;;0;1.500;1.500;;
.77201391;25151;ZANTEDESCHIA;GEMENGD;;;;;FIORI;;50;50.000;2.00;10;PZ;;;;01/03/2017;90;CTCODFOR;False;;0;2.000;2.000;;
.77201260;105155;ZANTEDESCHIA;AETHIOPICA AVANCE;;;;;FIORI;;0;50.000;1.80;10;PZ;;;;22/02/2017;80;CTCODFOR;False;;0;1.800;1.800;;
.77201206;111768;ZANTEDESCHIA;GOLD MEDAL;;H 45;;;FIORI;;20;40.000;1.20;10;PZ;;;;21/02/2017;77;CTCODFOR;False;;0;1.200;1.200;;
.77201207;;ZANTEDESCHIA;LA PAZ;;;;;FIORI;;30;40.000;1.20;10;PZ;;;;21/02/2017;77;CTCODFOR;False;;0;1.200;1.200;;
.77201208;105123;ZANTEDESCHIA;PINK JEWEL;;;;;FIORI;;40;40.000;1.20;10;PZ;;;;21/02/2017;77;CTCODFOR;False;;0;1.200;1.200;;
.77201209;103424;ZANTEDESCHIA;RUDOLPH;;;;;FIORI;;40;40.000;1.20;10;PZ;;;;21/02/2017;77;CTCODFOR;False;;0;1.200;1.200;;
.77201210;;ZANTEDESCHIA;GRAN PARADISO;;;;;FIORI;;10;40.000;1.30;10;PZ;;;;21/02/2017;77;CTCODFOR;False;;0;1.300;1.300;;
ROSE STABILIZZATE;;ROSE STABILIZZATE;ROSE PRESERVED;;;;;;FIORI SECCHI MAZZO;6;1.000;0.00;22;PZ;;;;;;;False;;0;0.000;0.000;;
