.78200016;102483;ALSTROEMERIA;PINK SURPRISE;;;;;FIORI;;150;160.000;0.60;10;PZ;;;;03/01/2018;3;CTCODFOR;False;;0;0.600;0.600;
.77207541;;ALSTROEMERIA;MIX NET;;;;;FIORI;;89;140.000;0.90;10;PZ;;;;20/12/2017;437;CTCODFOR;False;;0;0.900;0.900;
.77207568;;ALSTROEMERIA;MIX NET;;;;;FIORI;;140;140.000;1.00;10;PZ;;;;28/12/2017;441;CTCODFOR;False;;0;1.000;1.000;
.77207272;;ALSTROEMERIA;MIX NET;;;;;FIORI;;19;140.000;1.00;10;PZ;;;;06/12/2017;421;CTCODFOR;False;;0;1.000;1.000;
.77207379;;ALSTROEMERIA;MIX QUARTER;;;;;FIORI;;20;160.000;0.90;10;PZ;;;;14/12/2017;427;CTCODFOR;False;;0;0.900;0.900;
.77207404;;ANEMONE;;;;;;FIORI;;495;250.000;0.40;10;PZ;;;;17/12/2017;428;CTCODFOR;False;;0;0.400;0.400;
.77207524;;ANEMONE;;;;;;FIORI;;150;150.000;0.60;10;PZ;;;;20/12/2017;435;CTCODFOR;False;;0;0.600;0.600;
.77207318;112195;ANTHURIUM;ETERNO;;X 10;;;FIORI;;0;10.000;2.00;10;PZ;;;;13/12/2017;424;CTCODFOR;False;;0;2.000;2.000;
.77207319;13024;ANTHURIUM;PISTACHE;;X 12;;;FIORI;;0;12.000;1.60;10;PZ;;;;13/12/2017;424;CTCODFOR;False;;0;1.600;1.600;
.77207592;2837;ANTHURIUM;ACROPOLIS;;;;;FIORI;;12;12.000;2.00;10;PZ;;;;30/12/2017;443;CTCODFOR;False;;0;2.000;2.000;
.77207593;13023;ANTHURIUM;CHEERS;;;;;FIORI;;0;12.000;1.80;10;PZ;;;;30/12/2017;443;CTCODFOR;False;;0;1.800;1.800;
.77207595;24719;ANTHURIUM;MOMENTS;;;;;FIORI;;0;12.000;1.80;10;PZ;;;;30/12/2017;443;CTCODFOR;False;;0;1.800;1.800;
.78200073;18540;ANTHURIUM;CALISTO;;;;;FIORI;;10;10.000;1.80;10;PZ;;;;06/01/2018;7;CTCODFOR;False;;0;1.800;1.800;
.78200074;12379;ANTHURIUM;CHAMPAGNE;;;;;FIORI;;0;12.000;1.50;10;PZ;;;;06/01/2018;7;CTCODFOR;False;;0;1.500;1.500;
.78200075;13023;ANTHURIUM;CHEERS;;;;;FIORI;;12;12.000;1.50;10;PZ;;;;06/01/2018;7;CTCODFOR;False;;0;1.500;1.500;
.78200076;112195;ANTHURIUM;ETERNO;;;;;FIORI;;10;10.000;1.80;10;PZ;;;;06/01/2018;7;CTCODFOR;False;;0;1.800;1.800;
.78200077;31;ANTHURIUM;GEMENGD;;;;;FIORI;;20;10.000;1.80;10;PZ;;;;06/01/2018;7;CTCODFOR;False;;0;1.800;1.800;
.78200078;24719;ANTHURIUM;MOMENTS;;;;;FIORI;;24;12.000;1.80;10;PZ;;;;06/01/2018;7;CTCODFOR;False;;0;1.800;1.800;
.78200079;13024;ANTHURIUM;PISTACHE;;;;;FIORI;;0;12.000;1.80;10;PZ;;;;06/01/2018;7;CTCODFOR;False;;0;1.800;1.800;
.78200080;4725;ANTHURIUM;TROPICAL;;;;;FIORI;;0;12.000;1.80;10;PZ;;;;06/01/2018;7;CTCODFOR;False;;0;1.800;1.800;
.77207398;17206;ARALIA;CALIFORNICA;;H 60;;;FIORI;;78;200.000;0.50;10;PZ;;;;17/12/2017;428;CTCODFOR;False;;0;0.500;0.500;
.77207399;16091;ARALIA;CORDATA;;H 25;;;FIORI;;497;500.000;0.18;10;PZ;;;;17/12/2017;428;CTCODFOR;False;;0;0.180;0.180;
.77207400;13884;Aspidistra;ELATIOR GALIA;;H 100;;;FIORI;;52;300.000;0.28;10;PZ;;;;17/12/2017;428;CTCODFOR;False;;0;0.280;0.000;
.77207401;13884;Aspidistra;ELATIOR GALIA;;H 90;;;FIORI;;296;300.000;0.26;10;PZ;;;;17/12/2017;428;CTCODFOR;False;;0;0.260;0.000;
.77207402;13884;Aspidistra;ELATIOR GALIA;;H 80;;;FIORI;;198;300.000;0.24;10;PZ;;;;17/12/2017;428;CTCODFOR;False;;0;0.240;0.000;
.77207263;;Betula;COLORATA;;;;;FIORI;;16;8.000;15.00;10;PZ;;;;06/12/2017;420;CTCODFOR;False;;0;15.000;15.000;
.77207264;;BETULA;NEVE;;;;;FIORI;;2;4.000;18.00;10;PZ;;;;06/12/2017;420;CTCODFOR;False;;0;18.000;18.000;
.77207271;;BETULA;COLORATA;;;;;FIORI;;3;3.000;13.00;10;PZ;;;;06/12/2017;420;CTCODFOR;False;;0;13.000;13.000;
.77207367;;FBOSBES;VERF GOUD;;;;;;;3;7.000;17.00;10;PZ;;;;13/12/2017;424;CTCODFOR;False;;0;17.000;17.000;
.77207368;;FBOSBES;VERF WIT;;;;;;;2;1.000;17.00;10;PZ;;;;13/12/2017;424;CTCODFOR;False;;0;17.000;17.000;
.77207369;;FBOSBES;VLOK WIT;;;;;;;0;1.000;25.00;10;PZ;;;;13/12/2017;424;CTCODFOR;False;;0;25.000;25.000;
.77207370;;FBOSBES;VLOK WIT;;;;;;;1;1.000;25.00;10;PZ;;;;13/12/2017;424;CTCODFOR;False;;0;25.000;25.000;
.77207481;;FBOSBES;VERF WIT;;;;;;;5;1.000;18.00;10;PZ;;;;19/12/2017;433;CTCODFOR;False;;0;18.000;18.000;
.77207508;;FBOSBES;VERF WIT;;;;;;;3;1.000;18.00;10;PZ;;;;19/12/2017;434;CTCODFOR;False;;0;18.000;18.000;
.77207509;;FBOSBES;VLOK WIT;;;;;;;2;1.000;25.00;10;PZ;;;;19/12/2017;434;CTCODFOR;False;;0;25.000;25.000;
.77207266;;BRASSICA;;;;;;FIORI;;37;75.000;1.80;10;PZ;;;;06/12/2017;420;CTCODFOR;False;;0;1.800;1.800;
.78200002;;BRASSICA;;;;;;FIORI;;125;125.000;1.00;10;PZ;;;;20/12/2017;435;CTCODFOR;False;;0;1.000;1.000;
.77207529;;BRASSICA;;;;;;FIORI;;78;50.000;1.60;10;PZ;;;;20/12/2017;436;CTCODFOR;False;;0;1.600;1.600;
.77207337;2574;BRUNIA;ALBIFLORA;;;;;FIORI;;30;30.000;1.40;10;PZ;;;;13/12/2017;424;CTCODFOR;False;;0;1.400;1.400;
.77207616;;CHRYSANTHEMUM;SANTINI COUNTRY;;;;;FIORI;;50;25.000;0.60;10;PZ;;;;30/12/2017;443;CTCODFOR;False;;0;0.600;0.600;
.77207617;;CHRYSANTHEMUM;MADIBA LINDI WHITE;;;;;FIORI;;75;25.000;0.60;10;PZ;;;;30/12/2017;443;CTCODFOR;False;;0;0.600;0.600;
.77207296;;FCRISANTEMINA;;;;;;FIORI;;81;160.000;1.80;10;PZ;;;;06/12/2017;422;CTCODFOR;False;;0;1.800;1.800;
.77207321;;FCRISANTEMINA;BALTICA;;;;;FIORI;;4;16.000;2.50;10;PZ;;;;13/12/2017;424;CTCODFOR;False;;0;2.500;2.500;
.77207322;;FCRISANTEMINA;BALTICA;;;;;FIORI;;32;16.000;2.50;10;PZ;;;;13/12/2017;424;CTCODFOR;False;;0;2.500;2.500;
.77207323;;FCRISANTEMINA;BONITA;;;;;FIORI;;32;16.000;2.50;10;PZ;;;;13/12/2017;424;CTCODFOR;False;;0;2.500;2.500;
.77207618;;FCRISANTEMINA;MIX;;;;;FIORI;;160;160.000;1.80;10;PZ;;;;30/12/2017;444;CTCODFOR;False;;0;1.800;1.800;
.77207619;;FCRISANTEMINA;MIX;;;;;FIORI;;624;624.000;1.85;10;PZ;;;;31/12/2017;445;CTCODFOR;False;;0;1.850;1.850;
.77207566;;FCRISANTEMINA;MIX;;;;;FIORI;;366;640.000;1.85;10;PZ;;;;25/12/2017;440;CTCODFOR;False;;0;1.850;1.850;
.77207591;;FCRISANTEMINA;MIX;;;;;FIORI;;108;160.000;1.80;10;PZ;;;;28/12/2017;442;CTCODFOR;False;;0;1.800;1.800;
.77207362;;FCRISANTEMO;SANT CONTRY;;;;;;;25;25.000;0.50;10;PZ;;;;13/12/2017;424;CTCODFOR;False;;0;0.500;0.500;
.77207324;970;CYMBIDIUM;PER BLOEM GEMENGD;;X 9;;;FIORI;;0;9.000;7.00;10;PZ;;;;13/12/2017;424;CTCODFOR;False;;0;7.000;7.000;
.77207325;970;CYMBIDIUM;PER BLOEM GEMENGD;;X 6;;;FIORI;;10;6.000;11.00;10;PZ;;;;13/12/2017;424;CTCODFOR;False;;0;11.000;11.000;
.77207326;24640;CYMBIDIUM;PER TAK SNOWBIRD;;X 6;;;FIORI;;4;6.000;11.00;10;PZ;;;;13/12/2017;424;CTCODFOR;False;;0;11.000;11.000;
.77207308;;CYMBIDIUM;MIX SPECIAL;;;;;FIORI;;1;4.000;12.00;10;PZ;;;;12/12/2017;423;CTCODFOR;False;;0;12.000;12.000;
.78200120;;CYMBIDIUM;MIX SPECIAL;;;;;FIORI;;16;4.000;12.00;10;PZ;;;;09/01/2018;8;CTCODFOR;False;;0;12.000;12.000;
.78200048;;CYMBIDIUM;MIX SPECIAL;;;;;FIORI;;14;4.000;13.00;10;PZ;;;;03/01/2018;3;CTCODFOR;False;;0;13.000;13.000;
.78200081;970;CYMBIDIUM;PER BLOEM GEMENGD;;;;;FIORI;;9;9.000;7.00;10;PZ;;;;06/01/2018;7;CTCODFOR;False;;0;7.000;7.000;
.78200082;970;CYMBIDIUM;PER BLOEM GEMENGD;;;;;FIORI;;10;6.000;12.00;10;PZ;;;;06/01/2018;7;CTCODFOR;False;;0;12.000;12.000;
.78200083;970;CYMBIDIUM;PER BLOEM GEMENGD;;;;;FIORI;;9;9.000;10.00;10;PZ;;;;06/01/2018;7;CTCODFOR;False;;0;10.000;10.000;
.78200084;18932;CYMBIDIUM;PER TAK MRS. EVELINE;;;;;FIORI;;6;6.000;14.00;10;PZ;;;;06/01/2018;7;CTCODFOR;False;;0;14.000;14.000;
.78200086;24640;CYMBIDIUM;PER TAK SNOWBIRD;;;;;FIORI;;6;9.000;12.00;10;PZ;;;;06/01/2018;7;CTCODFOR;False;;0;12.000;12.000;
.77207596;;CYMBIDIUM;CASCADE EXCELLENT;;;;;FIORI;;16;9.000;10.00;10;PZ;;;;30/12/2017;443;CTCODFOR;False;;0;10.000;10.000;
.77207597;;CYMBIDIUM;SNOWCASTLE;;;;;FIORI;;6;6.000;13.00;10;PZ;;;;30/12/2017;443;CTCODFOR;False;;0;13.000;13.000;
.77207487;2458;CYMBIDIUM;MINI PER TAK GEMENGD;;;;;FIORI;;18;10.000;6.00;10;PZ;;;;19/12/2017;434;CTCODFOR;False;;0;6.000;6.000;
.77207489;;CYMBIDIUM;GEMENGD;;;;;FIORI;;0;4.000;15.00;10;PZ;;;;19/12/2017;434;CTCODFOR;False;;0;15.000;15.000;
.77207490;;CYMBIDIUM;GEMENGD;;;;;FIORI;;44;9.000;10.00;10;PZ;;;;19/12/2017;434;CTCODFOR;False;;0;10.000;10.000;
.77207441;;CYMBIDIUM;MIX SPECIAL;;;;;FIORI;;16;4.000;12.00;10;PZ;;;;19/12/2017;431;CTCODFOR;False;;0;12.000;12.000;
.77207448;;CYMBIDIUM;MRS R HOOD;;;;;FIORI;;1;6.000;15.00;10;PZ;;;;19/12/2017;433;CTCODFOR;False;;0;15.000;15.000;
.77207449;;CYMBIDIUM;ESTHER;;;;;FIORI;;6;6.000;14.00;10;PZ;;;;19/12/2017;433;CTCODFOR;False;;0;14.000;14.000;
.77207450;;CYMBIDIUM;AQUARELLA;;;;;FIORI;;5;6.000;14.00;10;PZ;;;;19/12/2017;433;CTCODFOR;False;;0;14.000;14.000;
.77207451;;CYMBIDIUM;GEMENGD;;;;;FIORI;;0;9.000;10.00;10;PZ;;;;19/12/2017;433;CTCODFOR;False;;0;10.000;10.000;
.77207452;;CYMBIDIUM;GEMENGD;;;;;FIORI;;7;6.000;12.00;10;PZ;;;;19/12/2017;433;CTCODFOR;False;;0;12.000;12.000;
.77207453;;CYMBIDIUM;SNOWCASTLE;;;;;FIORI;;0;6.000;16.00;10;PZ;;;;19/12/2017;433;CTCODFOR;False;;0;16.000;16.000;
.78200122;;DENDROBIUM;MIX ASIA;;;;;FIORI;;200;100.000;1.20;10;PZ;;;;09/01/2018;8;CTCODFOR;False;;0;1.200;1.200;
.78200123;;DENDROBIUM;WHITE;;;;;FIORI;;200;100.000;1.00;10;PZ;;;;09/01/2018;8;CTCODFOR;False;;0;1.000;1.000;
.78200049;;DENDROBIUM;MIX ASIA;;;;;FIORI;;130;100.000;1.00;10;PZ;;;;03/01/2018;3;CTCODFOR;False;;0;1.000;1.000;
.78200050;;DENDROBIUM;WHITE;;;;;FIORI;;200;100.000;1.00;10;PZ;;;;03/01/2018;3;CTCODFOR;False;;0;1.000;1.000;
.78200057;;DENDROBIUM;BIG WHITE;;;;;FIORI;;80;80.000;1.00;10;PZ;;;;05/01/2018;6;CTCODFOR;False;;0;1.000;1.000;
.77207437;;DENDROBIUM;JADE GREEN;;;;;FIORI;;0;60.000;1.20;10;PZ;;;;19/12/2017;431;CTCODFOR;False;;0;1.200;1.200;
.77207438;.77201103;DENDROBIUM;BOUKET;;;;;FIORI;;23;26.000;3.50;10;PZ;;;;19/12/2017;431;CTCODFOR;False;;0;3.500;3.500;
.77207439;;DENDROBIUM;MIX ASIA;;;;;FIORI;;160;100.000;1.20;10;PZ;;;;19/12/2017;431;CTCODFOR;False;;0;1.200;1.200;
.77207569;;DENDROBIUM;BIG WHITE;;;;;FIORI;;70;80.000;1.00;10;PZ;;;;28/12/2017;441;CTCODFOR;False;;0;1.000;1.000;
.77207570;;DENDROBIUM;BOUKET GALAXY;;;;;FIORI;;25;25.000;2.85;10;PZ;;;;28/12/2017;441;CTCODFOR;False;;0;2.850;2.850;
.77207571;;DENDROBIUM;GALAXY;;;;;FIORI;;80;80.000;1.00;10;PZ;;;;28/12/2017;441;CTCODFOR;False;;0;1.000;1.000;
.77207542;;DENDROBIUM;BIG WHITE;;;;;FIORI;;150;80.000;1.00;10;PZ;;;;20/12/2017;437;CTCODFOR;False;;0;1.000;1.000;
.77207543;;DENDROBIUM;GALAXY;;;;;FIORI;;80;80.000;1.00;10;PZ;;;;20/12/2017;437;CTCODFOR;False;;0;1.000;1.000;
.77207273;;DENDROBIUM;BIG WHITE SPECIAL;;;;;FIORI;;0;60.000;1.00;10;PZ;;;;06/12/2017;421;CTCODFOR;False;;0;1.000;1.000;
.77207310;;DENDROBIUM;MIX ASIA;;;;;FIORI;;50;100.000;1.20;10;PZ;;;;12/12/2017;423;CTCODFOR;False;;0;1.200;1.200;
.77207311;;DENDROBIUM;WHITE;;;;;FIORI;;110;100.000;1.00;10;PZ;;;;12/12/2017;423;CTCODFOR;False;;0;1.000;1.000;
.77207380;;DENDROBIUM;BIG WHITE SPECIAL;;;;;FIORI;;40;80.000;1.20;10;PZ;;;;14/12/2017;427;CTCODFOR;False;;0;1.200;1.200;
.77207381;;DENDROBIUM;BOUKET GALAXY;;;;;FIORI;;24;20.000;3.20;10;PZ;;;;14/12/2017;427;CTCODFOR;False;;0;3.200;3.200;
.78200121;13090;EUSTOMARUSSE;BALLET WHITE;;;;;FIORI;;100;50.000;1.20;10;PZ;;;;09/01/2018;8;CTCODFOR;False;;0;1.200;1.200;
.77207340;;EUSTOMARUSSE;ALISSA GREEN;;;;;FIORI;;10;40.000;1.10;10;PZ;;;;13/12/2017;424;CTCODFOR;False;;0;1.100;1.100;
.77207342;20024;EUSTOMARUSSE;RUSSELLIANUM ROSITA WHITE;;;;;FIORI;;130;40.000;1.20;10;PZ;;;;13/12/2017;424;CTCODFOR;False;;0;1.200;1.200;
.77207300;;FFELCE;SUPER;;;;;;;1;35.000;3.50;10;PZ;;;;12/12/2017;423;CTCODFOR;False;;0;3.500;3.500;
.77207301;;FFELCE;EXTRA;;;;;;;0;12.000;3.50;10;PZ;;;;12/12/2017;423;CTCODFOR;False;;0;3.500;3.500;
.77207274;;FFELCE;EXTRA;;;;;;;0;35.000;3.50;10;PZ;;;;06/12/2017;421;CTCODFOR;False;;0;3.500;3.500;
.77207382;;FFELCE;EXTRA;;;;;;;0;35.000;3.50;10;PZ;;;;14/12/2017;427;CTCODFOR;False;;0;3.500;3.500;
.78200058;;FFELCE;EXTRA;;;;;;;35;35.000;3.50;10;PZ;;;;05/01/2018;6;CTCODFOR;False;;0;3.500;3.500;
.78200013;;FFELCE;SUPER;;;;;;;140;35.000;3.50;10;PZ;;;;03/01/2018;3;CTCODFOR;False;;0;3.500;3.500;
.78200112;;FFELCE;SUPER;;;;;;;70;35.000;3.50;10;PZ;;;;09/01/2018;8;CTCODFOR;False;;0;3.500;3.500;
.77207544;;FFELCE;EXTRA;;;;;;;0;35.000;3.50;10;PZ;;;;20/12/2017;437;CTCODFOR;False;;0;3.500;3.500;
.77207572;;FFELCE;EXTRA;;;;;;;60;35.000;3.50;10;PZ;;;;28/12/2017;441;CTCODFOR;False;;0;3.500;3.500;
.77207409;;FFELCE;SUPER;;;;;;;1;35.000;3.50;10;PZ;;;;19/12/2017;431;CTCODFOR;False;;0;3.500;3.500;
.77207598;102346;FREESIA;ENKELBLOEMIG AMBIANCE;;;;;FIORI;;50;50.000;0.70;10;PZ;;;;30/12/2017;443;CTCODFOR;False;;0;0.700;0.700;
.77207599;105221;FREESIA;ENKELBLOEMIG GEMENGD 2 KLEUREN IN FUST;;;;;FIORI;;50;50.000;0.70;10;PZ;;;;30/12/2017;443;CTCODFOR;False;;0;0.700;0.700;
.78200087;109555;FREESIA;DUBBELBLOEMIG GEMENGD IN FUST;;;;;FIORI;;0;50.000;0.60;10;PZ;;;;06/01/2018;7;CTCODFOR;False;;0;0.600;0.600;
.77207397;;F GAROFANO;;;;;;;;97;100.000;0.38;10;PZ;;;;17/12/2017;428;CTCODFOR;False;;0;0.380;0.380;
.78200113;;F GAROFANO;MIX;;;;;;;260;260.000;0.40;10;PZ;;;;09/01/2018;8;CTCODFOR;False;;0;0.400;0.400;
.78200014;;F GAROFANO;DON PEDRO;;;;;;;225;25.000;0.40;10;PZ;;;;03/01/2018;3;CTCODFOR;False;;0;0.400;0.400;
.78200015;;F GAROFANO;MIX;;;;;;;190;260.000;0.40;10;PZ;;;;03/01/2018;3;CTCODFOR;False;;0;0.400;0.400;
.77207523;;F GAROFANO;MINIATURA;;;;;;;245;250.000;0.20;10;PZ;;;;20/12/2017;435;CTCODFOR;False;;0;0.200;0.200;
.77207600;;GERBERA;DIAM BELLEZZA;;;;;FIORI;;15;45.000;0.70;10;PZ;;;;30/12/2017;443;CTCODFOR;False;;0;0.700;0.700;
.77207601;111633;GERBERA;ANETTE;;;;;FIORI;;45;45.000;0.70;10;PZ;;;;30/12/2017;443;CTCODFOR;False;;0;0.700;0.700;
.77207602;;GERBERA;DIAM MIX;;;;;FIORI;;0;45.000;0.70;10;PZ;;;;30/12/2017;443;CTCODFOR;False;;0;0.700;0.700;
.77207603;3251;GERBERA;MINI GEMENGD;;;;;FIORI;;60;80.000;0.50;10;PZ;;;;30/12/2017;443;CTCODFOR;False;;0;0.500;0.500;
.77207492;;GERBERA;DIAM SEMMY;;;;;FIORI;;45;45.000;0.80;10;PZ;;;;19/12/2017;434;CTCODFOR;False;;0;0.800;0.800;
.77207493;;GERBERA;AQUA PICCOLINI;;;;;FIORI;;60;100.000;0.40;10;PZ;;;;19/12/2017;434;CTCODFOR;False;;0;0.400;0.400;
.78200088;;GERBERA;DIAM ALLIANCE;;;;;FIORI;;45;45.000;0.70;10;PZ;;;;06/01/2018;7;CTCODFOR;False;;0;0.700;0.700;
.78200090;;GERBERA;DIAM EROS;;;;;FIORI;;15;45.000;0.70;10;PZ;;;;06/01/2018;7;CTCODFOR;False;;0;0.700;0.700;
.78200091;;GERBERA;DIAM ITSAPARTY;;;;;FIORI;;0;45.000;0.70;10;PZ;;;;06/01/2018;7;CTCODFOR;False;;0;0.700;0.700;
.78200092;;GERBERA;DIAM MIX;;;;;FIORI;;60;45.000;0.70;10;PZ;;;;06/01/2018;7;CTCODFOR;False;;0;0.700;0.700;
.78200093;;GERBERA;GERMINI DIAM MIX;;;;;FIORI;;65;80.000;0.50;10;PZ;;;;06/01/2018;7;CTCODFOR;False;;0;0.500;0.500;
.78200006;;GERBERA;;;;;;FIORI;;20;80.000;0.70;10;PZ;;;;03/01/2018;2;CTCODFOR;False;;0;0.700;0.700;
.77207267;;Grevillea;;;;;;FIORI;;5;5.000;9.00;10;PZ;;;;06/12/2017;420;CTCODFOR;False;;0;9.000;9.000;
.77207268;;Grevillea;COLO.;;;;;FIORI;;3;3.000;12.00;10;PZ;;;;06/12/2017;420;CTCODFOR;False;;0;12.000;12.000;
.77207269;;GREVILLEA;LACC.;;;;;FIORI;;9;9.000;17.00;10;PZ;;;;06/12/2017;420;CTCODFOR;False;;0;17.000;17.000;
.77207275;;GYPSOPHILA;XLENCE;;;;;FIORI;;5;5.000;18.00;10;PZ;;;;06/12/2017;421;CTCODFOR;False;;0;18.000;18.000;
.77207411;;GYPSOPHILA;XLENCE;;;;;FIORI;;12;12.000;20.00;10;PZ;;;;19/12/2017;431;CTCODFOR;False;;0;20.000;20.000;
.77207383;;GYPSOPHILA;XLENCE;;;;;FIORI;;0;5.000;20.00;10;PZ;;;;14/12/2017;427;CTCODFOR;False;;0;20.000;20.000;
.78200017;;GYPSOPHILA;XLENCE;;;;;FIORI;;10;3.000;20.00;10;PZ;;;;03/01/2018;3;CTCODFOR;False;;0;20.000;20.000;
.78200094;102978;GYPSOPHILA;KLEURBEHANDELD ROZE H%;;;;;FIORI;;50;25.000;0.80;10;PZ;;;;06/01/2018;7;CTCODFOR;False;;0;0.800;0.800;
.78200011;;GYPSOPHILA;LOCALE;;;;;FIORI;;10;5.000;12.00;10;PZ;;;;03/01/2018;2;CTCODFOR;False;;0;12.000;12.000;
.78200059;;GYPSOPHILA;XLENCE;;;;;FIORI;;10;5.000;18.00;10;PZ;;;;05/01/2018;6;CTCODFOR;False;;0;18.000;18.000;
.78200115;;GYPSOPHILA;XLENCE;;;;;FIORI;;12;12.000;20.00;10;PZ;;;;09/01/2018;8;CTCODFOR;False;;0;20.000;20.000;
.77207573;;GYPSOPHILA;XLENCE;;;;;FIORI;;17;10.000;18.00;10;PZ;;;;28/12/2017;441;CTCODFOR;False;;0;18.000;18.000;
.77207520;;GYPSOPHILA;LOCALE;;;;;FIORI;;3;10.000;12.00;10;PZ;;;;20/12/2017;435;CTCODFOR;False;;0;12.000;12.000;
.77207545;;GYPSOPHILA;XLENCE;;;;;FIORI;;17;10.000;20.00;10;PZ;;;;20/12/2017;437;CTCODFOR;False;;0;20.000;20.000;
.77207262;18707;HELIANTHUS;ANNUUS ARBEL;;;;;FIORI;;114;150.000;1.00;10;PZ;;;;06/12/2017;420;CTCODFOR;False;;0;1.000;1.000;
.78200008;;HELIANTHUS;;;;;;FIORI;;50;50.000;0.80;10;PZ;;;;03/01/2018;2;CTCODFOR;False;;0;0.800;0.800;
.78200053;;HELIANTHUS;;;;;;FIORI;;90;90.000;0.70;10;PZ;;;;04/01/2018;4;CTCODFOR;False;;0;0.700;0.700;
.78200055;;HELIANTHUS;;;;;;FIORI;;60;60.000;1.00;10;PZ;;;;04/01/2018;5;CTCODFOR;False;;0;1.000;1.000;
.78200056;24344;HELIANTHUS;ANNUUS CINDY;;;;;FIORI;;30;30.000;0.80;10;PZ;;;;04/01/2018;5;CTCODFOR;False;;0;0.800;0.800;
.78200001;;HELIANTHUS;;;;;;FIORI;;40;50.000;0.80;10;PZ;;;;20/12/2017;435;CTCODFOR;False;;0;0.800;0.800;
.77207494;110737;Hibiscus;TRIONUM EDEN RED;;;;;FIORI;;49;50.000;1.50;10;PZ;;;;19/12/2017;434;CTCODFOR;False;;0;1.500;0.000;
.77207485;28805;HIPPEASTRUM;GALAXY CHALLENGER;;;;;FIORI;;10;10.000;4.50;10;PZ;;;;19/12/2017;434;CTCODFOR;False;;0;4.500;4.500;
.77207486;19075;HIPPEASTRUM;GALAXY FERRARI;;;;;FIORI;;12;10.000;3.50;10;PZ;;;;19/12/2017;434;CTCODFOR;False;;0;3.500;3.500;
.77207447;;HIPPEASTRUM;FERRARI;;;;;FIORI;;16;8.000;3.70;10;PZ;;;;19/12/2017;433;CTCODFOR;False;;0;3.700;3.700;
.77207442;19075;HIPPEASTRUM;GALAXY FERRARI;;;;;FIORI;;2;12.000;3.50;10;PZ;;;;19/12/2017;431;CTCODFOR;False;;0;3.500;3.500;
.77207309;27961;HIPPEASTRUM;GALAXY SUPERSTAR;;;;;FIORI;;6;10.000;3.00;10;PZ;;;;12/12/2017;423;CTCODFOR;False;;0;3.000;3.000;
.77207247;;HIPPEASTRUM;;;;;;FIORI;;50;60.000;2.00;10;PZ;;;;06/12/2017;420;CTCODFOR;False;;0;2.000;2.000;
.77207314;19075;HIPPEASTRUM;GALAXY FERRARI;;X 12;;;FIORI;;5;12.000;3.00;10;PZ;;;;13/12/2017;424;CTCODFOR;False;;0;3.000;3.000;
.77207315;18999;HIPPEASTRUM;GALAXY MONT BLANC;;X 12;;;FIORI;;1;12.000;3.00;10;PZ;;;;13/12/2017;424;CTCODFOR;False;;0;3.000;3.000;
.77207333;;HYACINTHUS;SNY GEMENGD;;;;;FIORI;;0;25.000;0.80;10;PZ;;;;13/12/2017;424;CTCODFOR;False;;0;0.800;0.800;
.77207456;1597;HYACINTHUS;OR.IS GEMENGD;;;;;FIORI;;0;25.000;0.90;10;PZ;;;;19/12/2017;433;CTCODFOR;False;;0;0.900;0.900;
.77207604;;HYACINTHUS;MIX;;;;;FIORI;;25;25.000;1.00;10;PZ;;;;30/12/2017;443;CTCODFOR;False;;0;1.000;1.000;
.78200095;1589;HYACINTHUS;OR.IS DELFT BLUE;;;;;FIORI;;50;25.000;1.00;10;PZ;;;;06/01/2018;7;CTCODFOR;False;;0;1.000;1.000;
.78200114;;HYDRANGEA;WHITE;;;;;FIORI;;30;15.000;3.50;10;PZ;;;;09/01/2018;8;CTCODFOR;False;;0;3.500;3.500;
.77207546;;HYDRANGEA;WHITE;;;;;FIORI;;30;15.000;3.00;10;PZ;;;;20/12/2017;437;CTCODFOR;False;;0;3.000;3.000;
.77207410;;HYDRANGEA;WHITE;;;;;FIORI;;0;15.000;3.50;10;PZ;;;;19/12/2017;431;CTCODFOR;False;;0;3.500;3.500;
.77207331;22153;HYDRANGEA;MACROPHYLLA GLOWING ALPS;;H 70;;;FIORI;;0;10.000;6.00;10;PZ;;;;13/12/2017;424;CTCODFOR;False;;0;6.000;6.000;
.77207332;24490;HYDRANGEA;MACROPHYLLA VERENA (CLASSIC);;H 50;;;FIORI;;0;10.000;3.00;10;PZ;;;;13/12/2017;424;CTCODFOR;False;;0;3.000;3.000;
.77207457;;HYPERICUM;SELVA ROMANCE;;;;;FIORI;;50;25.000;0.80;10;PZ;;;;19/12/2017;433;CTCODFOR;False;;0;0.800;0.800;
.77207574;108577;HYPERICUM;ANDROSAEMUM SHINEY ROMANCE;;;;;FIORI;;30;25.000;1.20;10;PZ;;;;28/12/2017;441;CTCODFOR;False;;0;1.200;1.200;
.78200096;103896;HYPERICUM;ANDROSAEMUM FIRE FLAIR;;;;;FIORI;;100;25.000;0.80;10;PZ;;;;06/01/2018;7;CTCODFOR;False;;0;0.800;0.800;
.78200097;;HYPERICUM;TRUE ROMANCE;;;;;FIORI;;75;25.000;0.80;10;PZ;;;;06/01/2018;7;CTCODFOR;False;;0;0.800;0.800;
.77207531;;ILEX;;;;;;FIORI;;35;50.000;3.50;10;PZ;;;;20/12/2017;436;CTCODFOR;False;;0;3.500;3.500;
.77207532;;ILEX;;;;;;FIORI;;50;50.000;1.80;10;PZ;;;;20/12/2017;436;CTCODFOR;False;;0;1.800;1.800;
.77207458;845;ILEX;VERTICILLATA;;H 70;;;FIORI;;25;10.000;3.50;10;PZ;;;;19/12/2017;433;CTCODFOR;False;;0;3.500;3.500;
.77207444;845;ILEX;VERTICILLATA;;H 70;;;FIORI;;0;70.000;3.70;10;PZ;;;;19/12/2017;431;CTCODFOR;False;;0;3.700;3.700;
.77207496;845;ILEX;VERTICILLATA;;H 50;;;FIORI;;14;40.000;2.80;10;PZ;;;;19/12/2017;434;CTCODFOR;False;;0;2.800;2.800;
.77207254;;ILEX;;;;;;FIORI;;34;50.000;2.00;10;PZ;;;;06/12/2017;420;CTCODFOR;False;;0;2.000;2.000;
.77207255;;ILEX;CASSETTA;;;;;FIORI;;2;1.000;12.00;10;PZ;;;;06/12/2017;420;CTCODFOR;False;;0;12.000;12.000;
.77207256;;ILEX;MAZZI MISTI;;;;;FIORI;;15;15.000;6.00;10;PZ;;;;06/12/2017;420;CTCODFOR;False;;0;6.000;6.000;
.77207334;845;ILEX;VERTICILLATA;;H 70;;;FIORI;;0;30.000;3.50;10;PZ;;;;13/12/2017;424;CTCODFOR;False;;0;3.500;3.500;
.77207335;845;ILEX;VERTICILLATA;;H 35;;;FIORI;;69;50.000;1.30;10;PZ;;;;13/12/2017;424;CTCODFOR;False;;0;1.300;1.300;
.77207336;845;ILEX;VERTICILLATA;;H 90;;;FIORI;;0;30.000;3.80;10;PZ;;;;13/12/2017;424;CTCODFOR;False;;0;3.800;3.800;
.77207372;;FKRANS NOBILIS;CYRESSEN LUXE;;30 CM;;;;;0;5.000;10.50;10;PZ;;;;13/12/2017;424;CTCODFOR;False;;0;10.500;10.500;
.77207297;;FKRANS NOBILIS;;;50 CM;;;;;5;10.000;18.00;10;PZ;;;;12/12/2017;423;CTCODFOR;False;;0;18.000;18.000;
.77207298;;FKRANS NOBILIS;;;40 CM;;;;;10;10.000;14.00;10;PZ;;;;12/12/2017;423;CTCODFOR;False;;0;14.000;14.000;
.77207460;19668;LEUCOSPERMUM;NUTANS HIGH GOLD;;;;;FIORI;;10;20.000;1.70;10;PZ;;;;19/12/2017;433;CTCODFOR;False;;0;1.700;1.700;
.77207461;19648;LEUCOSPERMUM;NUTANS SUNRISE;;;;;FIORI;;15;30.000;2.00;10;PZ;;;;19/12/2017;433;CTCODFOR;False;;0;2.000;2.000;
.77207237;;LILIUM;L.A.;;;;;FIORI;;9;150.000;1.20;10;PZ;;;;06/12/2017;419;CTCODFOR;False;;0;1.200;1.200;
.77207338;105189;LILIUM;OR. ENERGETIC;;H 90;;;FIORI;;0;10.000;1.70;10;PZ;;;;13/12/2017;424;CTCODFOR;False;;0;1.700;1.700;
.77207517;;LILIUM;;;;;;FIORI;;30;150.000;1.20;10;PZ;;;;20/12/2017;435;CTCODFOR;False;;0;1.200;1.200;
.77207605;106429;LILIUM;OR. SIGNUM;;;;;FIORI;;30;10.000;2.00;10;PZ;;;;30/12/2017;443;CTCODFOR;False;;0;2.000;2.000;
.78200003;;LILIUM;OR EX;;;;;FIORI;;26;60.000;2.00;10;PZ;;;;20/12/2017;435;CTCODFOR;False;;0;2.000;2.000;
.78200054;;LILIUM;;;;;;FIORI;;120;120.000;1.20;10;PZ;;;;04/01/2018;5;CTCODFOR;False;;0;1.200;1.200;
.78200009;;LILIUM;;;;;;FIORI;;140;150.000;1.20;10;PZ;;;;03/01/2018;2;CTCODFOR;False;;0;1.200;1.200;
.78200010;;LILIUM;OR EX;;;;;FIORI;;40;10.000;2.00;10;PZ;;;;03/01/2018;2;CTCODFOR;False;;0;2.000;2.000;
.78200052;;LILIUM;;;;;;FIORI;;160;160.000;1.20;10;PZ;;;;04/01/2018;4;CTCODFOR;False;;0;1.200;1.200;
.77207606;;F LISIANTUS;G ALI APRICOT;;;;;;;39;40.000;1.00;10;PZ;;;;30/12/2017;443;CTCODFOR;False;;0;1.000;1.000;
.77207607;;F LISIANTUS;ROSITA;;;;;;;20;40.000;1.20;10;PZ;;;;30/12/2017;443;CTCODFOR;False;;0;1.200;1.200;
.77207459;;F LISIANTUS;;;;;;;;0;50.000;1.30;10;PZ;;;;19/12/2017;433;CTCODFOR;False;;0;1.300;1.300;
.77207497;;FMATRECARIA;SINGLE VEGMO;;;;;;;75;25.000;0.60;10;PZ;;;;19/12/2017;434;CTCODFOR;False;;0;0.600;0.600;
.77207498;;MOBIE DICK;;;;;;;;20;20.000;1.20;10;PZ;;;;19/12/2017;434;CTCODFOR;False;;0;1.200;1.200;
.77207299;.76208380;FNOBILIS XMAS;ALBERI MINI;;30 CM;;;;;1;10.000;12.00;10;PZ;;;;12/12/2017;423;CTCODFOR;False;;0;12.000;12.000;
.77207491;;ORCHIDEE;CYPERPEDIUM LEEANUM;;;;;FIORI;;28;30.000;1.80;10;PZ;;;;19/12/2017;434;CTCODFOR;False;;0;1.800;1.800;
.77207440;;ORCHIDEE;ARANTERA;;;;;FIORI;;20;40.000;3.00;10;PZ;;;;19/12/2017;431;CTCODFOR;False;;0;3.000;3.000;
.77207608;;ORNITHOGALUM;WHITE STAR;;;;;FIORI;;60;60.000;1.30;10;PZ;;;;30/12/2017;443;CTCODFOR;False;;0;1.300;1.300;
.77207240;;RANUNCULUS;;;;;;FIORI;;142;210.000;0.60;10;PZ;;;;06/12/2017;419;CTCODFOR;False;;0;0.600;0.600;
.77207403;;RANUNCULUS;;;;;;FIORI;;630;72.000;0.60;10;PZ;;;;17/12/2017;428;CTCODFOR;False;;0;0.600;0.600;
.77207525;;RANUNCULUS;;;;;;FIORI;;150;150.000;0.60;10;PZ;;;;20/12/2017;435;CTCODFOR;False;;0;0.600;0.600;
.77207312;;FROBELLINI;WESTC;;;;;;;3;30.000;3.00;10;PZ;;;;12/12/2017;423;CTCODFOR;False;;0;3.000;3.000;
.78200051;;FROBELLINI;VAK;;;;;;;29;30.000;3.00;10;PZ;;;;03/01/2018;3;CTCODFOR;False;;0;3.000;3.000;
.78200060;28736;ROSA;ATHENA;;H 50;;;FIORI;;220;110.000;0.70;10;PZ;;;;05/01/2018;6;CTCODFOR;False;;0;0.700;0.700;
.78200061;101905;ROSA;ENGAGEMENT;;H 50;;;FIORI;;125;25.000;1.20;10;PZ;;;;05/01/2018;6;CTCODFOR;False;;0;1.200;1.200;
.78200062;111347;ROSA;EXPLORER;;H 50;;;FIORI;;100;25.000;1.25;10;PZ;;;;05/01/2018;6;CTCODFOR;False;;0;1.250;1.250;
.78200063;111347;ROSA;EXPLORER;;H 80;;;FIORI;;75;25.000;1.80;10;PZ;;;;05/01/2018;6;CTCODFOR;False;;0;1.800;1.800;
.78200064;111347;ROSA;EXPLORER;;H 80;;;FIORI;;150;75.000;1.50;10;PZ;;;;05/01/2018;6;CTCODFOR;False;;0;1.500;1.500;
.78200065;27887;ROSA;FREEDOM;;H 50;;;FIORI;;125;25.000;1.00;10;PZ;;;;05/01/2018;6;CTCODFOR;False;;0;1.000;1.000;
.78200066;27887;ROSA;FREEDOM;;H 80;;;FIORI;;150;75.000;1.50;10;PZ;;;;05/01/2018;6;CTCODFOR;False;;0;1.500;1.500;
.78200067;112066;ROSA;INCREDIBLE;;H 50;;;FIORI;;220;110.000;0.70;10;PZ;;;;05/01/2018;6;CTCODFOR;False;;0;0.700;0.700;
.78200068;;ROSA;MAGIC TIMES;;H 50;;;FIORI;;100;25.000;1.35;10;PZ;;;;05/01/2018;6;CTCODFOR;False;;0;1.350;1.350;
.78200069;.77200856;ROSA;MIX IN FUST;;H 50;;;FIORI;;200;100.000;1.00;10;PZ;;;;05/01/2018;6;CTCODFOR;False;;0;1.000;1.000;
.78200070;.77200856;ROSA;MIX IN FUST;;H 80;;;FIORI;;150;75.000;1.50;10;PZ;;;;05/01/2018;6;CTCODFOR;False;;0;1.500;1.500;
.78200071;28570;ROSA;MONDIAL;;H 50;;;FIORI;;0;25.000;1.10;10;PZ;;;;05/01/2018;6;CTCODFOR;False;;0;1.100;1.100;
.78200072;28570;ROSA;MONDIAL;;H 80;;;FIORI;;130;75.000;1.50;10;PZ;;;;05/01/2018;6;CTCODFOR;False;;0;1.500;1.500;
.78200116;111347;ROSA;EXPLORER;;H 80;;;FIORI;;300;100.000;1.70;10;PZ;;;;09/01/2018;8;CTCODFOR;False;;0;1.700;1.700;
.78200117;26916;ROSA;BRASIL;;H 40;;;FIORI;;180;90.000;0.80;10;PZ;;;;09/01/2018;8;CTCODFOR;False;;0;0.800;0.800;
.78200118;;ROSA;BRIGITTE BARDOT;;H 40;;;FIORI;;160;80.000;0.80;10;PZ;;;;09/01/2018;8;CTCODFOR;False;;0;0.800;0.800;
.78200119;109164;ROSA;PENNY LANE;;H 50;;;FIORI;;220;110.000;0.70;10;PZ;;;;09/01/2018;8;CTCODFOR;False;;0;0.700;0.700;
.78200124;27887;ROSA;FREEDOM;;H 80;;;FIORI;;160;20.000;1.50;10;PZ;;;;09/01/2018;9;CTCODFOR;False;;0;1.500;1.500;
.78200004;27887;ROSA;FREEDOM;;H 80;;;FIORI;;70;20.000;1.50;10;PZ;;;;03/01/2018;1;CTCODFOR;False;;0;1.500;1.500;
.78200005;27887;ROSA;FREEDOM;;H 60;;;FIORI;;40;20.000;1.30;10;PZ;;;;03/01/2018;1;CTCODFOR;False;;0;1.300;1.300;
.78200019;111347;ROSA;EXPLORER;;H 80;;;FIORI;;150;25.000;1.80;10;PZ;;;;03/01/2018;3;CTCODFOR;False;;0;1.800;1.800;
.78200020;111347;ROSA;EXPLORER;;H 70;;;FIORI;;75;25.000;1.50;10;PZ;;;;03/01/2018;3;CTCODFOR;False;;0;1.500;1.500;
.78200021;111347;ROSA;EXPLORER;;H 50;;;FIORI;;0;100.000;1.25;10;PZ;;;;03/01/2018;3;CTCODFOR;False;;0;1.250;1.250;
.78200022;111347;ROSA;EXPLORER;;H 50;;;FIORI;;200;25.000;1.35;10;PZ;;;;03/01/2018;3;CTCODFOR;False;;0;1.350;1.350;
.78200023;27887;ROSA;FREEDOM;;H 50;;;FIORI;;50;25.000;1.00;10;PZ;;;;03/01/2018;3;CTCODFOR;False;;0;1.000;1.000;
.78200024;17126;ROSA;ESPERANCE;;H 60;;;FIORI;;200;25.000;1.20;10;PZ;;;;03/01/2018;3;CTCODFOR;False;;0;1.200;1.200;
.78200025;25641;ROSA;BLUSH;;H 50;;;FIORI;;75;25.000;1.00;10;PZ;;;;03/01/2018;3;CTCODFOR;False;;0;1.000;1.000;
.78200026;77200275;ROSA;MIX IN BUNCH;;H 50;;;FIORI;;55;25.000;1.00;10;PZ;;;;03/01/2018;3;CTCODFOR;False;;0;1.000;1.000;
.78200027;25641;ROSA;BLUSH;;H 40;;;FIORI;;25;25.000;0.80;10;PZ;;;;03/01/2018;3;CTCODFOR;False;;0;0.800;0.800;
.78200028;11775;ROSA;VENDELA;;H 30;;;FIORI;;300;25.000;0.70;10;PZ;;;;03/01/2018;3;CTCODFOR;False;;0;0.700;0.700;
.78200029;;ROSA;CLOWN;;H 40;;;FIORI;;0;25.000;1.20;10;PZ;;;;03/01/2018;3;CTCODFOR;False;;0;1.200;1.200;
.78200030;375;ROSA;LA PERLA;;H 60;;;FIORI;;100;25.000;1.50;10;PZ;;;;03/01/2018;3;CTCODFOR;False;;0;1.500;1.500;
.78200031;20174;ROSA;LEMONADE;;H 60;;;FIORI;;100;25.000;1.50;10;PZ;;;;03/01/2018;3;CTCODFOR;False;;0;1.500;1.500;
.78200032;28570;ROSA;MONDIAL;;H 60;;;FIORI;;100;25.000;1.35;10;PZ;;;;03/01/2018;3;CTCODFOR;False;;0;1.350;1.350;
.78200033;105726;ROSA;AUBADE;;H 50;;;FIORI;;0;25.000;1.25;10;PZ;;;;03/01/2018;3;CTCODFOR;False;;0;1.250;1.250;
.78200034;105726;ROSA;AUBADE;;H 50;;;FIORI;;100;25.000;1.25;10;PZ;;;;03/01/2018;3;CTCODFOR;False;;0;1.250;1.250;
.78200035;28570;ROSA;MONDIAL;;H 50;;;FIORI;;100;25.000;1.25;10;PZ;;;;03/01/2018;3;CTCODFOR;False;;0;1.250;1.250;
.78200036;18717;ROSA;ROSITA VENDELA;;H 50;;;FIORI;;100;25.000;1.25;10;PZ;;;;03/01/2018;3;CTCODFOR;False;;0;1.250;1.250;
.78200037;110646;ROSA;RHODOS;;H 70;;;FIORI;;120;20.000;1.35;10;PZ;;;;03/01/2018;3;CTCODFOR;False;;0;1.350;1.350;
.78200038;110646;ROSA;RHODOS;;H 40;;;FIORI;;210;130.000;0.60;10;PZ;;;;03/01/2018;3;CTCODFOR;False;;0;0.600;0.600;
.78200039;24420;ROSA;MARIYO!;;H 50;;;FIORI;;230;120.000;0.70;10;PZ;;;;03/01/2018;3;CTCODFOR;False;;0;0.700;0.700;
.78200040;107743;ROSA;CABARET;;H 50;;;FIORI;;170;90.000;0.80;10;PZ;;;;03/01/2018;3;CTCODFOR;False;;0;0.800;0.800;
.78200041;103976;ROSA;WEDDING BELL;;H 50;;;FIORI;;130;90.000;0.80;10;PZ;;;;03/01/2018;3;CTCODFOR;False;;0;0.800;0.800;
.78200042;;ROSA;EVER RED;;H 70;;;FIORI;;100;70.000;1.35;10;PZ;;;;03/01/2018;3;CTCODFOR;False;;0;1.350;1.350;
.78200043;111469;ROSA;WEDDING ROSE;;H 60;;;FIORI;;130;90.000;1.30;10;PZ;;;;03/01/2018;3;CTCODFOR;False;;0;1.300;1.300;
.78200044;;ROSA;EVER RED;;H 50;;;FIORI;;200;90.000;1.00;10;PZ;;;;03/01/2018;3;CTCODFOR;False;;0;1.000;1.000;
.78200045;;ROSA;PALOMA;;H 50;;;FIORI;;60;70.000;1.00;10;PZ;;;;03/01/2018;3;CTCODFOR;False;;0;1.000;1.000;
.78200046;;ROSA;CHAPEAU;;H 50;;;FIORI;;100;70.000;1.00;10;PZ;;;;03/01/2018;3;CTCODFOR;False;;0;1.000;1.000;
.78200047;110649;ROSA;CELEB;;H 50;;;FIORI;;220;110.000;0.70;10;PZ;;;;03/01/2018;3;CTCODFOR;False;;0;0.700;0.700;
.78200098;16207;ROSA;AVALANCHE+;;H 60;;;FIORI;;180;60.000;1.00;10;PZ;;;;06/01/2018;7;CTCODFOR;False;;0;1.000;1.000;
.78200099;77200235;ROSA;AVALANCHE KOENE;;H 70;;;FIORI;;70;50.000;1.30;10;PZ;;;;06/01/2018;7;CTCODFOR;False;;0;1.300;1.300;
.78200100;;ROSA;AVALANCHE PERL;;H 70;;;FIORI;;50;50.000;1.30;10;PZ;;;;06/01/2018;7;CTCODFOR;False;;0;1.300;1.300;
.78200101;;ROSA;MONALISA;;H 40;;;FIORI;;50;50.000;0.70;10;PZ;;;;06/01/2018;7;CTCODFOR;False;;0;0.700;0.700;
.78200102;;ROSA;NEW LILA;;H 60;;;FIORI;;20;5.000;2.50;10;PZ;;;;06/01/2018;7;CTCODFOR;False;;0;2.500;2.500;
.78200103;106976;ROSA;HARLEQUIN;;H 70;;;FIORI;;80;20.000;1.25;10;PZ;;;;06/01/2018;7;CTCODFOR;False;;0;1.250;1.250;
.78200104;27157;ROSA;RED NAOMI!;;H 60;;;FIORI;;0;60.000;1.00;10;PZ;;;;06/01/2018;7;CTCODFOR;False;;0;1.000;1.000;
.78200105;;ROSA;RED NAOMI BROCKHOFF;;H 70;;;FIORI;;80;40.000;1.50;10;PZ;;;;06/01/2018;7;CTCODFOR;False;;0;1.500;1.500;
.78200106;;ROSA;RED NAOMI BROCKHOFF;;H 80;;;FIORI;;50;40.000;2.00;10;PZ;;;;06/01/2018;7;CTCODFOR;False;;0;2.000;2.000;
.78200107;;ROSA;RED NAOMI SUPRA;;H 80;;;FIORI;;80;40.000;2.00;10;PZ;;;;06/01/2018;7;CTCODFOR;False;;0;2.000;2.000;
.78200108;;ROSA;TROS MISS BOMBASTIC;;H 70;;;FIORI;;40;50.000;1.40;10;PZ;;;;06/01/2018;7;CTCODFOR;False;;0;1.400;1.400;
.78200109;;ROSA;TROS MADAM BOMBASTIC;;H 70;;;FIORI;;50;50.000;1.40;10;PZ;;;;06/01/2018;7;CTCODFOR;False;;0;1.400;1.400;
.78200110;26071;ROSA;TROS RED SENSATION;;H 50;;;FIORI;;40;40.000;1.30;10;PZ;;;;06/01/2018;7;CTCODFOR;False;;0;1.300;1.300;
.77207547;28736;ROSA;ATHENA;;H 50;;;FIORI;;130;110.000;0.70;10;PZ;;;;20/12/2017;437;CTCODFOR;False;;0;0.700;0.700;
.77207548;100453;ROSA;BELLE ROSE;;H 50;;;FIORI;;0;110.000;0.70;10;PZ;;;;20/12/2017;437;CTCODFOR;False;;0;0.700;0.700;
.77207549;111347;ROSA;EXPLORER;;H 50;;;FIORI;;0;25.000;1.40;10;PZ;;;;20/12/2017;437;CTCODFOR;False;;0;1.400;1.400;
.77207550;111347;ROSA;EXPLORER;;H 80;;;FIORI;;5;75.000;1.70;10;PZ;;;;20/12/2017;437;CTCODFOR;False;;0;1.700;1.700;
.77207551;27887;ROSA;FREEDOM;;H 80;;;FIORI;;150;75.000;1.50;10;PZ;;;;20/12/2017;437;CTCODFOR;False;;0;1.500;1.500;
.77207552;112066;ROSA;INCREDIBLE;;H 50;;;FIORI;;130;110.000;0.70;10;PZ;;;;20/12/2017;437;CTCODFOR;False;;0;0.700;0.700;
.77207553;28719;ROSA;MARINA;;H 50;;;FIORI;;150;100.000;0.70;10;PZ;;;;20/12/2017;437;CTCODFOR;False;;0;0.700;0.700;
.77207554;111891;ROSA;MARRYME;;H 50;;;FIORI;;180;100.000;0.70;10;PZ;;;;20/12/2017;437;CTCODFOR;False;;0;0.700;0.700;
.77207555;.77200856;ROSA;MIX IN FUST;;H 50;;;FIORI;;60;100.000;1.00;10;PZ;;;;20/12/2017;437;CTCODFOR;False;;0;1.000;1.000;
.77207556;.77200856;ROSA;MIX IN FUST;;H 80;;;FIORI;;10;75.000;1.50;10;PZ;;;;20/12/2017;437;CTCODFOR;False;;0;1.500;1.500;
.77207557;28570;ROSA;MONDIAL;;H 50;;;FIORI;;0;25.000;1.20;10;PZ;;;;20/12/2017;437;CTCODFOR;False;;0;1.200;1.200;
.77207558;28570;ROSA;MONDIAL;;H 50;;;FIORI;;50;100.000;1.00;10;PZ;;;;20/12/2017;437;CTCODFOR;False;;0;1.000;1.000;
.77207559;28570;ROSA;MONDIAL;;H 80;;;FIORI;;20;75.000;1.50;10;PZ;;;;20/12/2017;437;CTCODFOR;False;;0;1.500;1.500;
.77207560;111071;ROSA;MOONWALK;;H 50;;;FIORI;;190;110.000;0.70;10;PZ;;;;20/12/2017;437;CTCODFOR;False;;0;0.700;0.700;
.77207561;;ROSA;PIPA;;H 50;;;FIORI;;150;90.000;0.70;10;PZ;;;;20/12/2017;437;CTCODFOR;False;;0;0.700;0.700;
.77207609;;ROSA;AVALANCHE J&K;;H 80;;;FIORI;;40;40.000;1.50;10;PZ;;;;30/12/2017;443;CTCODFOR;False;;0;1.500;1.500;
.77207610;106976;ROSA;HARLEQUIN;;H 70;;;FIORI;;40;80.000;1.25;10;PZ;;;;30/12/2017;443;CTCODFOR;False;;0;1.250;1.250;
.77207611;108626;ROSA;NORMA JEANE;;H 70;;;FIORI;;0;50.000;1.25;10;PZ;;;;30/12/2017;443;CTCODFOR;False;;0;1.250;1.250;
.77207612;27157;ROSA;RED NAOMI!;;H 60;;;FIORI;;0;50.000;1.00;10;PZ;;;;30/12/2017;443;CTCODFOR;False;;0;1.000;1.000;
.77207613;27157;ROSA;RED NAOMI!;;H 70;;;FIORI;;30;50.000;1.50;10;PZ;;;;30/12/2017;443;CTCODFOR;False;;0;1.500;1.500;
.77207614;27157;ROSA;RED NAOMI!;;H 60;;;FIORI;;0;60.000;1.20;10;PZ;;;;30/12/2017;443;CTCODFOR;False;;0;1.200;1.200;
.77207615;;ROSA;RED NAOMI SUPRA;;H 80;;;FIORI;;90;40.000;2.50;10;PZ;;;;30/12/2017;443;CTCODFOR;False;;0;2.500;2.500;
.77207575;28736;ROSA;ATHENA;;H 50;;;FIORI;;220;110.000;0.70;10;PZ;;;;28/12/2017;441;CTCODFOR;False;;0;0.700;0.700;
.77207576;100453;ROSA;BELLE ROSE;;H 50;;;FIORI;;180;110.000;0.70;10;PZ;;;;28/12/2017;441;CTCODFOR;False;;0;0.700;0.700;
.77207577;101905;ROSA;ENGAGEMENT;;H 50;;;FIORI;;75;25.000;1.00;10;PZ;;;;28/12/2017;441;CTCODFOR;False;;0;1.000;1.000;
.77207578;111347;ROSA;EXPLORER;;H 50;;;FIORI;;0;100.000;1.20;10;PZ;;;;28/12/2017;441;CTCODFOR;False;;0;1.200;1.200;
.77207579;111347;ROSA;EXPLORER;;H 80;;;FIORI;;70;125.000;1.80;10;PZ;;;;28/12/2017;441;CTCODFOR;False;;0;1.800;1.800;
.77207580;111347;ROSA;EXPLORER;;H 80;;;FIORI;;130;75.000;1.80;10;PZ;;;;28/12/2017;441;CTCODFOR;False;;0;1.800;1.800;
.77207581;27887;ROSA;FREEDOM;;H 50;;;FIORI;;15;25.000;1.00;10;PZ;;;;28/12/2017;441;CTCODFOR;False;;0;1.000;1.000;
.77207582;27887;ROSA;FREEDOM;;H 80;;;FIORI;;150;75.000;1.50;10;PZ;;;;28/12/2017;441;CTCODFOR;False;;0;1.500;1.500;
.77207583;103581;ROSA;GOOD TIMES;;H 50;;;FIORI;;130;110.000;0.70;10;PZ;;;;28/12/2017;441;CTCODFOR;False;;0;0.700;0.700;
.77207584;112066;ROSA;INCREDIBLE;;H 50;;;FIORI;;210;110.000;0.70;10;PZ;;;;28/12/2017;441;CTCODFOR;False;;0;0.700;0.700;
.77207585;111004;ROSA;JUMILIA;;H 50;;;FIORI;;190;100.000;0.70;10;PZ;;;;28/12/2017;441;CTCODFOR;False;;0;0.700;0.700;
.77207586;;ROSA;MAGIC TIMES;;H 50;;;FIORI;;75;25.000;1.40;10;PZ;;;;28/12/2017;441;CTCODFOR;False;;0;1.400;1.400;
.77207587;.77200856;ROSA;MIX IN FUST;;H 50;;;FIORI;;160;100.000;1.00;10;PZ;;;;28/12/2017;441;CTCODFOR;False;;0;1.000;1.000;
.77207588;.77200856;ROSA;MIX IN FUST;;H 80;;;FIORI;;150;75.000;1.60;10;PZ;;;;28/12/2017;441;CTCODFOR;False;;0;1.600;1.600;
.77207589;28570;ROSA;MONDIAL;;H 80;;;FIORI;;150;75.000;1.60;10;PZ;;;;28/12/2017;441;CTCODFOR;False;;0;1.600;1.600;
.77207590;28570;ROSA;MONDIAL;;H 50;;;FIORI;;0;100.000;1.00;10;PZ;;;;28/12/2017;441;CTCODFOR;False;;0;1.000;1.000;
.77207462;;ROSA;AVALANCHE J&K;;H 40;;;FIORI;;0;40.000;1.00;10;PZ;;;;19/12/2017;433;CTCODFOR;False;;0;1.000;1.000;
.77207463;;ROSA;AVALANCHE J&K;;H 80;;;FIORI;;30;40.000;1.80;10;PZ;;;;19/12/2017;433;CTCODFOR;False;;0;1.800;1.800;
.77207464;27157;ROSA;RED NAOMI!;;H 70;;;FIORI;;0;50.000;1.80;10;PZ;;;;19/12/2017;433;CTCODFOR;False;;0;1.800;1.800;
.77207465;27157;ROSA;RED NAOMI!;;H 60;;;FIORI;;130;60.000;1.30;10;PZ;;;;19/12/2017;433;CTCODFOR;False;;0;1.300;1.300;
.77207466;;ROSA;VENDELA BLAUW;;H 80;;;FIORI;;40;20.000;2.50;10;PZ;;;;19/12/2017;433;CTCODFOR;False;;0;2.500;2.500;
.77207467;;ROSA;QUEEN OF AFRICA;;H 50;;;FIORI;;80;40.000;1.00;10;PZ;;;;19/12/2017;433;CTCODFOR;False;;0;1.000;1.000;
.77207468;111794;ROSA;LATIN POMPON;;H 50;;;FIORI;;50;60.000;1.00;10;PZ;;;;19/12/2017;433;CTCODFOR;False;;0;1.000;1.000;
.77207469;;ROSA;FROST AVALANCHE;;H 60;;;FIORI;;40;50.000;2.50;10;PZ;;;;19/12/2017;433;CTCODFOR;False;;0;2.500;2.500;
.77207470;;ROSA;W  085 MIX;;H 70;;;FIORI;;0;10.000;3.00;10;PZ;;;;19/12/2017;433;CTCODFOR;False;;0;3.000;3.000;
.77207471;;ROSA;W 095 MIX;;H 60;;;FIORI;;50;10.000;3.00;10;PZ;;;;19/12/2017;433;CTCODFOR;False;;0;3.000;3.000;
.77207472;;ROSA;WAX WIT;;H 50;;;FIORI;;0;10.000;2.50;10;PZ;;;;19/12/2017;433;CTCODFOR;False;;0;2.500;2.500;
.77207473;;ROSA;WZ 070 PASTEL;;;;;FIORI;;20;10.000;3.00;10;PZ;;;;19/12/2017;433;CTCODFOR;False;;0;3.000;3.000;
.77207475;;ROSA;WZ CHRISTMAS;;;;;FIORI;;0;12.000;3.00;10;PZ;;;;19/12/2017;433;CTCODFOR;False;;0;3.000;3.000;
.77207516;;ROSA;FROST AVA PINK CRYSTA;;H 70;;;FIORI;;0;10.000;2.90;10;PZ;;;;19/12/2017;433;CTCODFOR;False;;0;2.900;2.900;
.77207505;;ROSA;AVA DIAMOND BLUE;;H 70;;;FIORI;;10;40.000;2.50;10;PZ;;;;19/12/2017;434;CTCODFOR;False;;0;2.500;2.500;
.77207506;;ROSA;AVA SNOW;;H 70;;;FIORI;;30;40.000;2.50;10;PZ;;;;19/12/2017;434;CTCODFOR;False;;0;2.500;2.500;
.77207507;;ROSA;W BLUE;;H 70;;;FIORI;;10;10.000;2.70;10;PZ;;;;19/12/2017;434;CTCODFOR;False;;0;2.700;2.700;
.77207499;;ROSA;BLUEZ;;H 70;;;FIORI;;60;60.000;1.50;10;PZ;;;;19/12/2017;434;CTCODFOR;False;;0;1.500;1.500;
.77207500;106976;ROSA;HARLEQUIN;;H 70;;;FIORI;;20;80.000;1.30;10;PZ;;;;19/12/2017;434;CTCODFOR;False;;0;1.300;1.300;
.77207501;;ROSA;RED NAOMI BROCKHOFF;;H 70;;;FIORI;;90;50.000;2.20;10;PZ;;;;19/12/2017;434;CTCODFOR;False;;0;2.200;2.200;
.77207384;28736;ROSA;ATHENA;;H 50;;;FIORI;;0;110.000;0.70;10;PZ;;;;14/12/2017;427;CTCODFOR;False;;0;0.700;0.700;
.77207385;111347;ROSA;EXPLORER;;H 50;;;FIORI;;150;25.000;1.20;10;PZ;;;;14/12/2017;427;CTCODFOR;False;;0;1.200;1.200;
.77207386;111347;ROSA;EXPLORER;;H 80;;;FIORI;;0;75.000;1.70;10;PZ;;;;14/12/2017;427;CTCODFOR;False;;0;1.700;1.700;
.77207387;27887;ROSA;FREEDOM;;H 80;;;FIORI;;115;75.000;1.50;10;PZ;;;;14/12/2017;427;CTCODFOR;False;;0;1.500;1.500;
.77207388;112066;ROSA;INCREDIBLE;;H 50;;;FIORI;;0;110.000;0.70;10;PZ;;;;14/12/2017;427;CTCODFOR;False;;0;0.700;0.700;
.77207389;111004;ROSA;JUMILIA;;H 50;;;FIORI;;180;100.000;0.70;10;PZ;;;;14/12/2017;427;CTCODFOR;False;;0;0.700;0.700;
.77207390;;ROSA;MAGIC TIMES;;H 50;;;FIORI;;100;25.000;1.30;10;PZ;;;;14/12/2017;427;CTCODFOR;False;;0;1.300;1.300;
.77207391;.77200856;ROSA;MIX IN FUST;;H 50;;;FIORI;;0;100.000;1.00;10;PZ;;;;14/12/2017;427;CTCODFOR;False;;0;1.000;1.000;
.77207392;.77200856;ROSA;MIX IN FUST;;H 80;;;FIORI;;100;75.000;1.50;10;PZ;;;;14/12/2017;427;CTCODFOR;False;;0;1.500;1.500;
.77207393;;ROSA;MIX STAR;;H 40;;;FIORI;;20;110.000;0.60;10;PZ;;;;14/12/2017;427;CTCODFOR;False;;0;0.600;0.600;
.77207394;28570;ROSA;MONDIAL;;H 50;;;FIORI;;20;100.000;1.00;10;PZ;;;;14/12/2017;427;CTCODFOR;False;;0;1.000;1.000;
.77207396;108354;ROSA;TACAZZI+;;H 50;;;FIORI;;0;110.000;0.70;10;PZ;;;;14/12/2017;427;CTCODFOR;False;;0;0.700;0.700;
.77207406;27887;ROSA;FREEDOM;;H 80;;;FIORI;;60;320.000;1.80;10;PZ;;;;18/12/2017;430;CTCODFOR;False;;0;1.800;1.800;
.77207407;77200275;ROSA;MIX IN BUNCH;;H 40;;;FIORI;;490;600.000;1.00;10;PZ;;;;18/12/2017;430;CTCODFOR;False;;0;1.000;1.000;
.77207408;77200275;ROSA;MIX IN BUNCH;;H 50;;;FIORI;;50;240.000;1.20;10;PZ;;;;18/12/2017;430;CTCODFOR;False;;0;1.200;1.200;
.77207412;111347;ROSA;EXPLORER;;H 80;;;FIORI;;100;25.000;1.80;10;PZ;;;;19/12/2017;431;CTCODFOR;False;;0;1.800;1.800;
.77207413;111347;ROSA;EXPLORER;;H 50;;;FIORI;;0;200.000;1.20;10;PZ;;;;19/12/2017;431;CTCODFOR;False;;0;1.200;1.200;
.77207414;;ROSA;CREME DE LA CREME;;H 60;;;FIORI;;0;25.000;1.30;10;PZ;;;;19/12/2017;431;CTCODFOR;False;;0;1.300;1.300;
.77207415;;ROSA;CREME DE LA CREME;;H 50;;;FIORI;;0;25.000;1.20;10;PZ;;;;19/12/2017;431;CTCODFOR;False;;0;1.200;1.200;
.77207416;;ROSA;NINA;;H 50;;;FIORI;;0;25.000;1.10;10;PZ;;;;19/12/2017;431;CTCODFOR;False;;0;1.100;1.100;
.77207417;11775;ROSA;VENDELA;;H 30;;;FIORI;;0;25.000;0.70;10;PZ;;;;19/12/2017;431;CTCODFOR;False;;0;0.700;0.700;
.77207418;;ROSA;MIX QUARTER;;H 50;;;FIORI;;160;25.000;1.20;10;PZ;;;;19/12/2017;431;CTCODFOR;False;;0;1.200;1.200;
.77207419;28570;ROSA;MONDIAL;;H 50;;;FIORI;;75;25.000;1.30;10;PZ;;;;19/12/2017;431;CTCODFOR;False;;0;1.300;1.300;
.77207420;100254;ROSA;TARA;;H 50;;;FIORI;;0;25.000;1.10;10;PZ;;;;19/12/2017;431;CTCODFOR;False;;0;1.100;1.100;
.77207421;110646;ROSA;RHODOS;;H 70;;;FIORI;;0;20.000;1.00;10;PZ;;;;19/12/2017;431;CTCODFOR;False;;0;1.000;1.000;
.77207422;110646;ROSA;RHODOS;;H 50;;;FIORI;;0;110.000;0.70;10;PZ;;;;19/12/2017;431;CTCODFOR;False;;0;0.700;0.700;
.77207423;28736;ROSA;ATHENA;;H 50;;;FIORI;;30;140.000;0.70;10;PZ;;;;19/12/2017;431;CTCODFOR;False;;0;0.700;0.700;
.77207424;24420;ROSA;MARIYO!;;H 50;;;FIORI;;10;130.000;0.70;10;PZ;;;;19/12/2017;431;CTCODFOR;False;;0;0.700;0.700;
.77207425;24420;ROSA;MARIYO!;;H 50;;;FIORI;;180;120.000;0.70;10;PZ;;;;19/12/2017;431;CTCODFOR;False;;0;0.700;0.700;
.77207426;111071;ROSA;MOONWALK;;H 50;;;FIORI;;10;120.000;0.70;10;PZ;;;;19/12/2017;431;CTCODFOR;False;;0;0.700;0.700;
.77207427;;ROSA;PINK SUDOKU;;H 50;;;FIORI;;90;120.000;0.70;10;PZ;;;;19/12/2017;431;CTCODFOR;False;;0;0.700;0.700;
.77207428;;ROSA;RAINBOW MIX;;H 40;;;FIORI;;100;120.000;0.60;10;PZ;;;;19/12/2017;431;CTCODFOR;False;;0;0.600;0.600;
.77207429;26916;ROSA;BRASIL;;H 50;;;FIORI;;30;100.000;0.80;10;PZ;;;;19/12/2017;431;CTCODFOR;False;;0;0.800;0.800;
.77207430;24492;ROSA;COSIMA;;H 50;;;FIORI;;50;80.000;0.80;10;PZ;;;;19/12/2017;431;CTCODFOR;False;;0;0.800;0.800;
.77207431;;ROSA;MIXED;;H 50;;;FIORI;;60;80.000;0.80;10;PZ;;;;19/12/2017;431;CTCODFOR;False;;0;0.800;0.800;
.77207432;110661;ROSA;SENORITA;;H 50;;;FIORI;;70;70.000;0.80;10;PZ;;;;19/12/2017;431;CTCODFOR;False;;0;0.800;0.800;
.77207433;;ROSA;NAVARA;;H 40;;;FIORI;;70;80.000;0.70;10;PZ;;;;19/12/2017;431;CTCODFOR;False;;0;0.700;0.700;
.77207434;112233;ROSA;PROUD;;H 40;;;FIORI;;0;100.000;0.70;10;PZ;;;;19/12/2017;431;CTCODFOR;False;;0;0.700;0.700;
.77207435;;ROSA;EVER RED;;H 50;;;FIORI;;0;90.000;1.20;10;PZ;;;;19/12/2017;431;CTCODFOR;False;;0;1.200;1.200;
.77207436;110649;ROSA;CELEB;;H 50;;;FIORI;;60;100.000;0.70;10;PZ;;;;19/12/2017;431;CTCODFOR;False;;0;0.700;0.700;
.77207278;111347;ROSA;EXPLORER;;H 70;;;FIORI;;1;25.000;1.50;10;PZ;;;;06/12/2017;421;CTCODFOR;False;;0;1.500;1.500;
.77207279;111347;ROSA;EXPLORER;;H 50;;;FIORI;;49;25.000;1.20;10;PZ;;;;06/12/2017;421;CTCODFOR;False;;0;1.200;1.200;
.77207280;111347;ROSA;EXPLORER;;H 80;;;FIORI;;3;75.000;1.70;10;PZ;;;;06/12/2017;421;CTCODFOR;False;;0;1.700;1.700;
.77207281;27887;ROSA;FREEDOM;;H 80;;;FIORI;;41;75.000;1.50;10;PZ;;;;06/12/2017;421;CTCODFOR;False;;0;1.500;1.500;
.77207282;112066;ROSA;INCREDIBLE;;H 50;;;FIORI;;0;110.000;0.70;10;PZ;;;;06/12/2017;421;CTCODFOR;False;;0;0.700;0.700;
.77207283;111004;ROSA;JUMILIA;;H 50;;;FIORI;;39;100.000;0.70;10;PZ;;;;06/12/2017;421;CTCODFOR;False;;0;0.700;0.700;
.77207285;108440;ROSA;MARACUJA;;H 50;;;FIORI;;20;100.000;0.70;10;PZ;;;;06/12/2017;421;CTCODFOR;False;;0;0.700;0.700;
.77207286;108444;ROSA;MEMORY;;H 50;;;FIORI;;78;110.000;0.70;10;PZ;;;;06/12/2017;421;CTCODFOR;False;;0;0.700;0.700;
.77207287;;ROSA;MIXED;;H 70;;;FIORI;;70;25.000;1.30;10;PZ;;;;06/12/2017;421;CTCODFOR;False;;0;1.300;1.300;
.77207288;.77200856;ROSA;MIX IN FUST;;H 50;;;FIORI;;0;100.000;1.00;10;PZ;;;;06/12/2017;421;CTCODFOR;False;;0;1.000;1.000;
.77207289;.77200856;ROSA;MIX IN FUST;;H 80;;;FIORI;;0;75.000;1.50;10;PZ;;;;06/12/2017;421;CTCODFOR;False;;0;1.500;1.500;
.77207290;28570;ROSA;MONDIAL;;H 50;;;FIORI;;0;25.000;1.00;10;PZ;;;;06/12/2017;421;CTCODFOR;False;;0;1.000;1.000;
.77207291;28570;ROSA;MONDIAL;;H 50;;;FIORI;;40;100.000;1.00;10;PZ;;;;06/12/2017;421;CTCODFOR;False;;0;1.000;1.000;
.77207292;28570;ROSA;MONDIAL;;H 80;;;FIORI;;10;150.000;1.50;10;PZ;;;;06/12/2017;421;CTCODFOR;False;;0;1.500;1.500;
.77207294;112459;ROSA;TAMARA;;H 50;;;FIORI;;80;110.000;0.70;10;PZ;;;;06/12/2017;421;CTCODFOR;False;;0;0.700;0.700;
.77207295;28570;ROSA;MONDIAL;;H 50;;;FIORI;;25;25.000;1.00;10;PZ;;;;06/12/2017;421;CTCODFOR;False;;0;1.000;1.000;
.77207303;111347;ROSA;EXPLORER;;H 80;;;FIORI;;0;25.000;1.80;10;PZ;;;;12/12/2017;423;CTCODFOR;False;;0;1.800;1.800;
.77207304;111347;ROSA;EXPLORER;;H 60;;;FIORI;;0;25.000;1.50;10;PZ;;;;12/12/2017;423;CTCODFOR;False;;0;1.500;1.500;
.77207305;27530;ROSA;NECTARINE;;H 30;;;FIORI;;100;25.000;0.70;10;PZ;;;;12/12/2017;423;CTCODFOR;False;;0;0.700;0.700;
.77207306;110646;ROSA;RHODOS;;H 80;;;FIORI;;100;20.000;1.40;10;PZ;;;;12/12/2017;423;CTCODFOR;False;;0;1.400;1.400;
.77207307;110646;ROSA;RHODOS;;H 50;;;FIORI;;140;110.000;0.70;10;PZ;;;;12/12/2017;423;CTCODFOR;False;;0;0.700;0.700;
.77207343;;ROSA;ATHENA LOLO;;H 40;;;FIORI;;30;40.000;0.80;10;PZ;;;;13/12/2017;424;CTCODFOR;False;;0;0.800;0.800;
.77207344;16207;ROSA;AVALANCHE+;;H 70;;;FIORI;;0;50.000;1.30;10;PZ;;;;13/12/2017;424;CTCODFOR;False;;0;1.300;1.300;
.77207345;16207;ROSA;AVALANCHE+;;H 40;;;FIORI;;20;40.000;0.80;10;PZ;;;;13/12/2017;424;CTCODFOR;False;;0;0.800;0.800;
.77207346;16207;ROSA;AVALANCHE+;;H 80;;;FIORI;;10;40.000;1.50;10;PZ;;;;13/12/2017;424;CTCODFOR;False;;0;1.500;1.500;
.77207347;;ROSA;COUNTDOWN;;H 40;;;FIORI;;20;40.000;0.70;10;PZ;;;;13/12/2017;424;CTCODFOR;False;;0;0.700;0.700;
.77207348;27157;ROSA;RED NAOMI!;;H 40;;;FIORI;;10;40.000;0.80;10;PZ;;;;13/12/2017;424;CTCODFOR;False;;0;0.800;0.800;
.77207349;;ROSA;RED NAOMI UNICA;;H 80;;;FIORI;;0;50.000;2.50;10;PZ;;;;13/12/2017;424;CTCODFOR;False;;0;2.500;2.500;
.77207350;27157;ROSA;RED NAOMI!;;H 60;;;FIORI;;20;60.000;1.00;10;PZ;;;;13/12/2017;424;CTCODFOR;False;;0;1.000;1.000;
.77207351;26965;ROSA;SWEET AVALANCHE +;;H 60;;;FIORI;;40;50.000;1.20;10;PZ;;;;13/12/2017;424;CTCODFOR;False;;0;1.200;1.200;
.77207352;18927;ROSA;TROS MIMI EDEN;;H 50;;;FIORI;;59;60.000;1.70;10;PZ;;;;13/12/2017;424;CTCODFOR;False;;0;1.700;1.700;
.77207353;;ROSA;TROS MISS BOMBASTIC;;H 60;;;FIORI;;40;40.000;1.00;10;PZ;;;;13/12/2017;424;CTCODFOR;False;;0;1.000;1.000;
.77207354;101726;ROSA;TROS SNOWFLAKE;;H 50;;;FIORI;;10;80.000;1.00;10;PZ;;;;13/12/2017;424;CTCODFOR;False;;0;1.000;1.000;
.77207355;101726;ROSA;TROS SNOWFLAKE;;H 50;;;FIORI;;20;80.000;1.00;10;PZ;;;;13/12/2017;424;CTCODFOR;False;;0;1.000;1.000;
.77207356;;ROSA;TROS WHITE BUBBLES;;H 50;;;FIORI;;60;60.000;1.00;10;PZ;;;;13/12/2017;424;CTCODFOR;False;;0;1.000;1.000;
.77207357;;ROSA;VENDELA BLAUW;;H 80;;;FIORI;;60;20.000;1.50;10;PZ;;;;13/12/2017;424;CTCODFOR;False;;0;1.500;1.500;
.77207358;;ROSA;STABILIZZATE;;;;;FIORI;;12;6.000;4.50;10;PZ;;;;13/12/2017;424;CTCODFOR;False;;0;4.500;4.500;
.77207359;;ROSA;STABILIZZATE;;;;;FIORI;;24;6.000;4.50;10;PZ;;;;13/12/2017;424;CTCODFOR;False;;0;4.500;4.500;
.77207360;;ROSA;WAX BORDEAUX;;H 70;;;FIORI;;0;10.000;2.60;10;PZ;;;;13/12/2017;424;CTCODFOR;False;;0;2.600;2.600;
.77207361;;ROSA;WAX LICHT ROOD;;H 70;;;FIORI;;0;10.000;2.60;10;PZ;;;;13/12/2017;424;CTCODFOR;False;;0;2.600;2.600;
.77207257;;Ruscus;ACULEATUS COLORATO;;;;;FIORI;;64;125.000;0.70;10;PZ;;;;06/12/2017;420;CTCODFOR;False;;0;0.700;0.700;
.77207258;;RUSCUS;ACULEATUS POLISTEROLO;;;;;FIORI;;75;75.000;0.50;10;PZ;;;;06/12/2017;420;CTCODFOR;False;;0;0.500;0.500;
.77207260;;RUSCUS;ACULEATUS ROSSO;;;;;FIORI;;0;5.000;18.00;10;PZ;;;;06/12/2017;420;CTCODFOR;False;;0;18.000;18.000;
.77207476;;RUSCUS;GOUD;;;;;FIORI;;100;100.000;0.50;10;PZ;;;;19/12/2017;433;CTCODFOR;False;;0;0.500;0.500;
.77207540;;RUSCUS;;;;;;FIORI;;49;20.000;3.50;10;PZ;;;;20/12/2017;436;CTCODFOR;False;;0;3.500;3.500;
.77207538;;RUSCUS;ACULEATUS NEVE;;;;NEVE;FIORI;;147;100.000;0.72;10;PZ;;;;20/12/2017;436;CTCODFOR;False;;0;0.720;0.720;
.77207445;;FSALAL TIPS;ORANGE;;;;;;;15;25.000;4.00;10;PZ;;;;19/12/2017;431;CTCODFOR;False;;0;4.000;4.000;
.77207510;;Skimmia;VERF GOUD;;;;;FIORI;;8;10.000;8.00;10;PZ;;;;19/12/2017;434;CTCODFOR;False;;0;8.000;8.000;
.77207373;;FSNOWFLAKEK;SPRAY;;;;;;;6;6.000;7.00;10;PZ;;;;13/12/2017;424;CTCODFOR;False;;0;7.000;7.000;
.77207366;;FSNOWFLAKEK;;;;;;;;25;25.000;0.60;10;PZ;;;;13/12/2017;424;CTCODFOR;False;;0;0.600;0.600;
.77207533;;Solidago;;;;;;FIORI;;4;5.000;18.00;10;PZ;;;;20/12/2017;436;CTCODFOR;False;;0;18.000;0.000;
.78200007;;Solidago;;;;;;FIORI;;4;1.000;15.00;10;PZ;;;;03/01/2018;2;CTCODFOR;False;;0;15.000;0.000;
.77207567;;FSTATICE;;;;;;;;4;6.000;11.00;10;PZ;;;;25/12/2017;440;CTCODFOR;False;;0;11.000;11.000;
.77207534;;FTRITICUM AESTIV;;;;;;;;13;15.000;10.00;10;PZ;;;;20/12/2017;436;CTCODFOR;False;;0;10.000;10.000;
.77207502;;TULIPA;ANTARTICA;;;;;FIORI;;0;50.000;0.70;10;PZ;;;;19/12/2017;434;CTCODFOR;False;;0;0.700;0.700;
.77207503;;TULIPA;FIRST CLASS;;;;;FIORI;;90;50.000;0.70;10;PZ;;;;19/12/2017;434;CTCODFOR;False;;0;0.700;0.700;
.77207504;;TULIPA;TOPROY ROOD;;;;;FIORI;;0;50.000;0.70;10;PZ;;;;19/12/2017;434;CTCODFOR;False;;0;0.700;0.700;
.77207477;;TULIPA;PALLADA;;;;;FIORI;;18;50.000;0.70;10;PZ;;;;19/12/2017;433;CTCODFOR;False;;0;0.700;0.700;
.77207478;109498;TULIPA;WHITE ICE;;;;;FIORI;;20;50.000;0.70;10;PZ;;;;19/12/2017;433;CTCODFOR;False;;0;0.700;0.700;
.77207479;;VANDA;BLUE MAGIC;;;;;FIORI;;16;16.000;1.20;10;PZ;;;;19/12/2017;433;CTCODFOR;False;;0;1.200;1.200;
.78200111;;VANDA;BLUE MAGIC;;;;;FIORI;;32;16.000;1.20;10;PZ;;;;06/01/2018;7;CTCODFOR;False;;0;1.200;1.200;
.77207365;103862;VANDA;SUNANDA SANDY BROWN;;;;;FIORI;;0;16.000;1.10;10;PZ;;;;13/12/2017;424;CTCODFOR;False;;0;1.100;1.100;
.77207248;;FVERDE;ASPARAGUS COLORATO;;;;;;;0;5.000;16.00;10;PZ;;;;06/12/2017;420;CTCODFOR;False;;0;16.000;16.000;
.77207249;;FVERDE;ASPARAGUS NEVE;;;;;;;0;5.000;23.00;10;PZ;;;;06/12/2017;420;CTCODFOR;False;;0;23.000;23.000;
.77207252;;FVERDE;EUCALIPTUS PARVIFOGLI;;;;;;;0;3.000;8.00;10;PZ;;;;06/12/2017;420;CTCODFOR;False;;0;8.000;8.000;
.77207253;;FVERDE;GINESTRA BRILLANTE;;;;;;;8;10.000;10.00;10;PZ;;;;06/12/2017;420;CTCODFOR;False;;0;10.000;10.000;
.77207539;;FVERDE;TUJA;;;;;;;5;5.000;13.00;10;PZ;;;;20/12/2017;436;CTCODFOR;False;;0;13.000;13.000;
.78200012;;FVERDE;VIOLA;;;;;;;198;50.000;1.00;10;PZ;;;;03/01/2018;2;CTCODFOR;False;;0;1.000;1.000;
.77207535;;FVERDE;ASPARAGUS FALCATUS;;;;;;;2;1.000;16.00;10;PZ;;;;20/12/2017;436;CTCODFOR;False;;0;16.000;16.000;
.77207536;;FVERDE;EUCALIPTO;;;;;;;3;8.000;10.00;10;PZ;;;;20/12/2017;436;CTCODFOR;False;;0;10.000;10.000;
.77207537;;FVERDE;MAZZ.MISTA;;;;;;;7;1.000;14.00;10;PZ;;;;20/12/2017;436;CTCODFOR;False;;0;14.000;14.000;
.77207518;;FVERDE;VIOLA;;;;;;;76;200.000;1.00;10;PZ;;;;20/12/2017;435;CTCODFOR;False;;0;1.000;1.000;
.77207511;;FWAX;WAXAPPEL GLITTER;;;;;;;30;30.000;1.00;10;PZ;;;;19/12/2017;434;CTCODFOR;False;;0;1.000;1.000;
.77207512;;FWAX;WAXPEER ROOD;;;;;;;39;39.000;0.60;10;PZ;;;;19/12/2017;434;CTCODFOR;False;;0;0.600;0.600;
.77207320;110601;ZANTEDESCHIA;RED SUNRISE;;;;;FIORI;;40;60.000;1.10;10;PZ;;;;13/12/2017;424;CTCODFOR;False;;0;1.100;1.100;
.77207526;;ZANTEDESCHIA;;;;;;FIORI;;0;50.000;1.80;10;PZ;;;;20/12/2017;436;CTCODFOR;False;;0;1.800;1.800;
.77207527;;ZANTEDESCHIA;;;;;;FIORI;;50;60.000;2.00;10;PZ;;;;20/12/2017;436;CTCODFOR;False;;0;2.000;2.000;
.77207528;;ZANTEDESCHIA;;;;;;FIORI;;30;30.000;1.20;10;PZ;;;;20/12/2017;436;CTCODFOR;False;;0;1.200;1.200;
.77207371;105482;ECHEVERIA VASO;GEMENGD;;;;;PIANTE;;0;20.000;1.80;10;PZ;;;;13/12/2017;424;CTCODFOR;False;;0;1.800;1.800;
.77207375;23427;ECHEVERIA VASO;ZONDER BLOEM;;;V 17;;PIANTE;;2;3.000;10.50;10;PZ;;;;13/12/2017;424;CTCODFOR;False;;0;10.500;10.500;
.77207482;;ECHEVERIA VASO;;;;;;PIANTE;;12;12.000;3.50;10;PZ;;;;19/12/2017;433;CTCODFOR;False;;0;3.500;3.500;
.77207376;25328;KALANCHOE VASO;BLOSSFELDIANA CALANDIVA MIXKAR;;;;;PIANTE;;2;10.000;1.20;10;PZ;;;;13/12/2017;424;CTCODFOR;False;;0;1.200;1.200;
.77207483;;KALANCHOE VASO;;;;;;PIANTE;;2;20.000;1.50;10;PZ;;;;19/12/2017;433;CTCODFOR;False;;0;1.500;1.500;
.77207484;;PSUCCULENTEN;MIX;;;;;;;20;20.000;1.50;10;PZ;;;;19/12/2017;433;CTCODFOR;False;;0;1.500;1.500;
.77207513;;ROSA;FROSTWAX ENSEMBLE;;H 60;;;;;20;80.000;1.40;10;ST;;;;19/12/2017;433;CTCODFOR;False;;0;1.400;1.400;
.77207514;;ROSA;FROSTWAX MIX;;H 50;;;;;0;80.000;1.50;10;ST;;;;19/12/2017;433;CTCODFOR;False;;0;1.500;1.500;
.77207515;;ROSA;FROSTWAX RED;;H 70;;;;;30;50.000;2.50;10;ST;;;;19/12/2017;433;CTCODFOR;False;;0;2.500;2.500;
ROSE STABILIZZATE;;ROSE STABILIZZATE;ROSE PRESERVED;;;;;;FIORI SECCHI MAZZO;0;1.000;0.00;22;PZ;;;;;;;False;;0;0.000;0.000;
